#tail	head	KSP index	path cost
P36897	Q9H0M0	1	7.50000e-01
P36897	O15105	2	7.50000e-01
P36897	O43541	3	7.50000e-01
P36897	P29590	4	7.50000e-01
P36897	P84022	5	7.50000e-01
P36897	P98082	6	7.50000e-01
P36897	Q13485	7	7.50000e-01
P36897	Q15796	8	7.50000e-01
P36897	Q9UER7	9	7.50000e-01
P37173	O15105	10	7.50000e-01
P37173	P08047	11	7.50000e-01
P37173	P23511	12	7.50000e-01
P37173	P35222	13	7.50000e-01
P37173	P84022	14	7.50000e-01
P37173	P98082	15	7.50000e-01
P37173	Q13485	16	7.50000e-01
P37173	Q15796	17	7.50000e-01
P37173	Q9H0M0	18	7.50000e-01
P37173	Q9HAU4	19	7.50000e-01
P37173	Q9UER7	20	7.50000e-01
P37173	P05412	21	5.75549e-01
P37173	P25208	22	5.75549e-01
P18031	O75925	23	5.62500e-01
P05106	P18031	23	5.62500e-01
P18031	P03372	24	5.62500e-01
P18031	P35222	25	5.62500e-01
P05106	P29353	26	5.62500e-01
P29353	O43524	26	5.62500e-01
Q05397	P04637	27	5.62500e-01
P05106	Q05397	27	5.62500e-01
P05556	P18031	28	5.62500e-01
P05556	P21333	31	5.62500e-01
P21333	P10275	31	5.62500e-01
P05556	P63244	32	5.62500e-01
P63244	O15350	32	5.62500e-01
P63244	P10275	33	5.62500e-01
P05556	Q05397	34	5.62500e-01
Q13418	Q01844	35	5.62500e-01
P05556	Q13418	35	5.62500e-01
P17931	Q13950	36	5.62500e-01
P05556	P17931	36	5.62500e-01
Q14192	P10275	37	5.62500e-01
P05556	Q14192	37	5.62500e-01
P05556	O00214	38	5.62500e-01
O00214	Q15583	38	5.62500e-01
P16471	Q92793	39	5.62500e-01
P05556	P16471	39	5.62500e-01
Q14192	P38398	40	5.62500e-01
Q14192	Q01196	41	5.62500e-01
Q14192	Q13485	42	5.62500e-01
Q14192	Q15796	43	5.62500e-01
P01137	P84022	44	5.62500e-01
P34741	P01137	44	5.62500e-01
P01137	Q15796	45	5.62500e-01
O15169	O15105	46	5.62500e-01
P36897	O15169	46	5.62500e-01
O15169	P01106	47	5.62500e-01
O15169	P35222	48	5.62500e-01
O15169	P84022	49	5.62500e-01
O15169	Q15796	50	5.62500e-01
P36897	O75807	51	5.62500e-01
O75807	O15105	51	5.62500e-01
P27986	O75593	52	5.62500e-01
P36897	P27986	52	5.62500e-01
P27986	P03372	53	5.62500e-01
P27986	P38398	54	5.62500e-01
P27986	P98082	55	5.62500e-01
P36897	P29353	56	5.62500e-01
P36897	O95405	57	5.62500e-01
O95405	P29590	57	5.62500e-01
O95405	P84022	58	5.62500e-01
O95405	Q13485	59	5.62500e-01
O95405	Q15796	60	5.62500e-01
P36897	P30153	61	5.62500e-01
P30153	O43524	61	5.62500e-01
P30153	P04637	62	5.62500e-01
P30153	Q9GZV5	63	5.62500e-01
P36897	P36873	64	5.62500e-01
P36873	O15105	64	5.62500e-01
P36873	P03372	65	5.62500e-01
P36873	P15336	66	5.62500e-01
P36873	Q9GZV5	67	5.62500e-01
P36897	P57059	68	5.62500e-01
P57059	O15105	68	5.62500e-01
P36897	P62942	69	5.62500e-01
P62942	O15105	69	5.62500e-01
P36897	P63104	70	5.62500e-01
P63104	O43524	70	5.62500e-01
P63104	P04637	71	5.62500e-01
P63104	P28749	72	5.62500e-01
P63104	P35222	73	5.62500e-01
P63104	P98177	74	5.62500e-01
P63104	Q12778	75	5.62500e-01
P63104	Q9GZV5	76	5.62500e-01
P63104	Q9NPI6	77	5.62500e-01
P36897	P63151	78	5.62500e-01
P63151	P04637	78	5.62500e-01
P63151	Q9GZV5	79	5.62500e-01
P36897	P98170	80	5.62500e-01
P98170	P38398	80	5.62500e-01
P36897	Q03135	81	5.62500e-01
Q03135	P10275	81	5.62500e-01
Q12931	Q13485	82	5.62500e-01
P36897	Q12931	82	5.62500e-01
P36897	Q13501	83	5.62500e-01
Q13501	P84022	83	5.62500e-01
Q13501	Q13485	84	5.62500e-01
Q13501	Q15796	85	5.62500e-01
Q7Z3T8	Q13485	86	5.62500e-01
P36897	Q7Z3T8	86	5.62500e-01
Q96JC1	Q13485	87	5.62500e-01
P36897	Q96JC1	87	5.62500e-01
P36897	Q9Y3F4	88	5.62500e-01
Q9Y3F4	O15105	88	5.62500e-01
Q9Y3F4	O43541	89	5.62500e-01
Q9Y3F4	P84022	90	5.62500e-01
Q9Y3F4	Q01844	91	5.62500e-01
Q9Y3F4	Q09472	92	5.62500e-01
Q9Y3F4	Q15796	93	5.62500e-01
Q9Y4K3	Q01196	94	5.62500e-01
P36897	Q9Y4K3	94	5.62500e-01
P06493	P04637	95	5.62500e-01
P37173	P06493	95	5.62500e-01
P06493	P06400	96	5.62500e-01
P06493	P10275	97	5.62500e-01
P37173	P27986	98	5.62500e-01
P28340	P06400	102	5.62500e-01
P37173	P28340	102	5.62500e-01
P37173	P29353	103	5.62500e-01
P37173	O95405	104	5.62500e-01
P37173	P30153	108	5.62500e-01
P67775	O43524	111	5.62500e-01
P37173	P67775	111	5.62500e-01
P67775	P01106	112	5.62500e-01
P67775	P28749	113	5.62500e-01
P67775	Q08999	114	5.62500e-01
P67775	Q9GZV5	115	5.62500e-01
P37173	Q12931	116	5.62500e-01
Q8TF09	P84022	117	5.62500e-01
P37173	Q8TF09	117	5.62500e-01
P37173	Q96JC1	118	5.62500e-01
P62714	Q9GZV5	119	5.62500e-01
P37173	P62714	119	5.62500e-01
Q9HCE7	O15105	120	5.62500e-01
P37173	Q9HCE7	120	5.62500e-01
Q9HCE7	P84022	121	5.62500e-01
Q9HCE7	Q9H0M0	122	5.62500e-01
Q9HCE7	Q9H160	123	5.62500e-01
Q9HCE7	Q9HAU4	124	5.62500e-01
Q9NP97	Q15796	125	5.62500e-01
P37173	Q9NP97	125	5.62500e-01
P37173	Q9Y3F4	126	5.62500e-01
P37173	Q9Y4K3	132	5.62500e-01
P05106	Q8N3E9	133	5.37977e-01
Q8N3E9	P12757	133	5.37977e-01
P21333	P84022	134	5.37977e-01
P05556	P31946	135	5.37977e-01
P31946	O43524	135	5.37977e-01
P31946	Q9GZV5	136	5.37977e-01
Q14192	Q9HAU4	137	5.37977e-01
O95405	P35222	138	5.37977e-01
P30153	P84022	139	5.37977e-01
P30153	Q15796	140	5.37977e-01
Q13501	Q9HAU4	141	5.37977e-01
Q9HCE7	Q15796	145	5.37977e-01
Q7Z3T8	P84022	146	5.24385e-01
Q7Z3T8	Q15796	147	5.24385e-01
P05106	Q13418	148	4.93812e-01
P05106	P01111	149	4.93812e-01
P01111	Q13485	149	4.93812e-01
P01111	Q9HAU4	150	4.93812e-01
P36897	O14920	151	4.93812e-01
O14920	O43524	151	4.93812e-01
O14920	P04637	152	4.93812e-01
O14920	P35222	153	4.93812e-01
O14920	P98177	154	4.93812e-01
O14920	Q12778	155	4.93812e-01
P36897	P0CG47	156	4.93812e-01
P0CG47	P04637	156	4.93812e-01
P11802	P06400	157	4.93812e-01
P36897	P11802	157	4.93812e-01
P11802	P28749	158	4.93812e-01
P11802	Q08999	159	4.93812e-01
P36897	P19784	160	4.93812e-01
P19784	P35222	160	4.93812e-01
P36897	P62826	161	4.93812e-01
P62826	P10275	161	4.93812e-01
P62979	P04637	162	4.93812e-01
P36897	P62979	162	4.93812e-01
P62979	Q15796	163	4.93812e-01
P36897	P62987	164	4.93812e-01
P62987	P04637	164	4.93812e-01
P62987	Q15796	165	4.93812e-01
Q00534	P06400	166	4.93812e-01
P36897	Q00534	166	4.93812e-01
Q00534	P28749	167	4.93812e-01
Q00534	P35222	168	4.93812e-01
Q00534	Q01196	169	4.93812e-01
Q00534	Q08999	170	4.93812e-01
P36897	Q04771	171	4.93812e-01
Q04771	P84022	171	4.93812e-01
Q04771	Q15796	172	4.93812e-01
Q13153	P03372	173	4.93812e-01
P36897	Q13153	173	4.93812e-01
P36897	P63010	174	4.93812e-01
P63010	Q13485	174	4.93812e-01
P36897	Q9HC98	175	4.93812e-01
Q9HC98	P28749	175	4.93812e-01
P36897	Q9UNE7	176	4.93812e-01
Q9UNE7	P10275	176	4.93812e-01
P37173	P63010	177	4.93812e-01
P01111	P01100	178	4.92560e-01
P01111	P05412	179	4.92560e-01
P05106	P01112	180	4.92560e-01
P01112	P01100	180	4.92560e-01
P01112	P05412	181	4.92560e-01
P05106	P01116	182	4.92560e-01
P01116	P01100	182	4.92560e-01
P01116	P05412	183	4.92560e-01
P36897	O95863	184	4.92560e-01
O95863	P04637	184	4.92560e-01
P37173	O95863	185	4.92560e-01
P62714	P05412	186	4.79740e-01
P67775	P05412	187	4.79740e-01
P36897	Q16625	188	4.72284e-01
Q16625	Q13573	188	4.72284e-01
P36897	Q93034	189	4.72284e-01
Q93034	Q15796	189	4.72284e-01
Q9BX70	P04637	190	4.72284e-01
P36897	Q9BX70	190	4.72284e-01
Q9BX70	Q15796	191	4.72284e-01
P36897	Q9C0J8	192	4.65203e-01
Q9C0J8	P04637	192	4.65203e-01
P36897	O00238	193	4.33512e-01
O00238	O15105	193	4.33512e-01
P0CG47	Q13485	194	4.33512e-01
P36897	P57729	195	4.33512e-01
P57729	P84022	195	4.33512e-01
P36897	O00212	196	4.33512e-01
O00212	Q13485	196	4.33512e-01
O00212	Q15796	197	4.33512e-01
O00212	Q9HAU4	198	4.33512e-01
P36897	P20337	199	4.33512e-01
P20337	Q13485	199	4.33512e-01
P36897	P51153	200	4.33512e-01
P51153	Q13485	200	4.33512e-01
P51153	Q9HAU4	201	4.33512e-01
P57729	Q13485	202	4.33512e-01
P57729	Q15796	203	4.33512e-01
P62826	Q15796	204	4.33512e-01
P62826	Q9HAU4	205	4.33512e-01
P62979	Q13485	206	4.33512e-01
P62987	Q13485	207	4.33512e-01
P84095	Q13485	208	4.33512e-01
P36897	P84095	208	4.33512e-01
P36897	Q08881	209	4.33512e-01
Q08881	Q13485	209	4.33512e-01
Q13153	Q13485	210	4.33512e-01
Q13153	Q15796	211	4.33512e-01
P36897	Q15052	212	4.33512e-01
Q15052	P84022	212	4.33512e-01
P49703	Q15796	213	4.33512e-01
P36897	P49703	213	4.33512e-01
Q15052	Q15796	214	4.33512e-01
Q16625	Q13485	215	4.33512e-01
P36897	Q8TAI7	216	4.33512e-01
Q8TAI7	Q13485	216	4.33512e-01
Q8TAI7	Q15796	217	4.33512e-01
Q96D21	P84022	218	4.33512e-01
P36897	Q96D21	218	4.33512e-01
Q96D21	Q13485	219	4.33512e-01
Q96D21	Q15796	220	4.33512e-01
Q96D21	Q9HAU4	221	4.33512e-01
Q9H4E5	Q13485	222	4.33512e-01
P36897	Q9H4E5	222	4.33512e-01
P36897	O14544	223	4.33512e-01
O14544	Q9HAU4	223	4.33512e-01
P36897	Q6SA08	224	4.33512e-01
Q6SA08	Q9HAU4	224	4.33512e-01
Q9H4E5	Q15796	225	4.33512e-01
Q9HC98	Q13485	226	4.33512e-01
Q9HC98	Q9HAU4	227	4.33512e-01
Q9NWN3	Q13485	228	4.33512e-01
P36897	Q9NWN3	228	4.33512e-01
Q9NYN1	P84022	229	4.33512e-01
P36897	Q9NYN1	229	4.33512e-01
Q9NYN1	Q13485	230	4.33512e-01
Q9NYN1	Q15796	231	4.33512e-01
Q9NYN1	Q9HAU4	232	4.33512e-01
P36897	Q9NYS0	233	4.33512e-01
Q9NYS0	Q9HAU4	233	4.33512e-01
P36897	Q9UJX4	234	4.33512e-01
Q9UJX4	Q9HAU4	234	4.33512e-01
P78545	Q01844	235	4.31662e-01
P37173	P78545	235	4.31662e-01
P62714	O43524	236	4.23904e-01
P67775	P06400	237	4.23904e-01
P05106	O14924	238	4.21875e-01
O14924	P11274	238	4.21875e-01
P11274	P01106	238	4.21875e-01
O15264	O43524	239	4.21875e-01
P01111	O15264	239	4.21875e-01
O15264	P01100	240	4.21875e-01
O15264	P04637	241	4.21875e-01
O15264	P05412	242	4.21875e-01
O15264	P15336	243	4.21875e-01
O15264	P17275	244	4.21875e-01
O15264	P17535	245	4.21875e-01
O15264	P53539	246	4.21875e-01
O15264	P98177	247	4.21875e-01
O15264	Q12778	248	4.21875e-01
P04049	P06400	249	4.21875e-01
P01111	P04049	249	4.21875e-01
P01111	P15056	250	4.21875e-01
P15056	P06400	250	4.21875e-01
P27361	O43524	251	4.21875e-01
P01111	P27361	251	4.21875e-01
P27361	P01100	252	4.21875e-01
P27361	P01106	253	4.21875e-01
P27361	P03372	254	4.21875e-01
P27361	P04637	255	4.21875e-01
P27361	P05412	256	4.21875e-01
P27361	P14921	257	4.21875e-01
P27361	P15336	258	4.21875e-01
P27361	P17535	259	4.21875e-01
P27361	P84022	260	4.21875e-01
P27361	P98177	261	4.21875e-01
P27361	Q12778	262	4.21875e-01
P27361	Q13485	263	4.21875e-01
P27361	Q15583	264	4.21875e-01
P27361	Q15796	265	4.21875e-01
P28482	O43524	266	4.21875e-01
P01111	P28482	266	4.21875e-01
P28482	P01100	267	4.21875e-01
P28482	P01106	268	4.21875e-01
P28482	P03372	269	4.21875e-01
P28482	P04637	270	4.21875e-01
P28482	P05412	271	4.21875e-01
P28482	P14921	272	4.21875e-01
P28482	P15336	273	4.21875e-01
P28482	P17535	274	4.21875e-01
P28482	P84022	275	4.21875e-01
P28482	P98177	276	4.21875e-01
P28482	Q12778	277	4.21875e-01
P28482	Q13485	278	4.21875e-01
P28482	Q15583	279	4.21875e-01
P28482	Q15796	280	4.21875e-01
P42336	P35222	281	4.21875e-01
P01111	P42336	281	4.21875e-01
P53778	O43524	282	4.21875e-01
P01111	P53778	282	4.21875e-01
P53778	P01100	283	4.21875e-01
P53778	P04637	284	4.21875e-01
P53778	P05412	285	4.21875e-01
P53778	P15336	286	4.21875e-01
P53778	P17275	287	4.21875e-01
P53778	P17535	288	4.21875e-01
P53778	P53539	289	4.21875e-01
P53778	P98177	290	4.21875e-01
P53778	Q12778	291	4.21875e-01
Q13233	P03372	292	4.21875e-01
P01111	Q13233	292	4.21875e-01
Q15759	O43524	293	4.21875e-01
P01111	Q15759	293	4.21875e-01
Q15759	P01100	294	4.21875e-01
Q15759	P04637	295	4.21875e-01
Q15759	P05412	296	4.21875e-01
Q15759	P08047	297	4.21875e-01
Q15759	P15336	298	4.21875e-01
Q15759	P17275	299	4.21875e-01
Q15759	P17535	300	4.21875e-01
Q15759	P53539	301	4.21875e-01
Q15759	P98177	302	4.21875e-01
Q15759	Q12778	303	4.21875e-01
Q16539	O15105	304	4.21875e-01
P01111	Q16539	304	4.21875e-01
Q16539	O43524	305	4.21875e-01
Q16539	P01100	306	4.21875e-01
Q16539	P04637	307	4.21875e-01
Q16539	P05412	308	4.21875e-01
Q16539	P06400	309	4.21875e-01
Q16539	P15336	310	4.21875e-01
Q16539	P17275	311	4.21875e-01
Q16539	P17535	312	4.21875e-01
Q16539	P53539	313	4.21875e-01
Q16539	P84022	314	4.21875e-01
Q16539	P98177	315	4.21875e-01
Q16539	Q06413	316	4.21875e-01
Q16539	Q12778	317	4.21875e-01
Q7Z569	P38398	318	4.21875e-01
P01111	Q7Z569	318	4.21875e-01
Q99759	P38398	319	4.21875e-01
P01111	Q99759	319	4.21875e-01
P01112	O15264	320	4.21875e-01
P01112	P04049	330	4.21875e-01
P01112	P06241	331	4.21875e-01
P06241	P08047	331	4.21875e-01
P06241	P35222	332	4.21875e-01
P06241	P98082	333	4.21875e-01
P01112	P15056	334	4.21875e-01
P01112	P27361	335	4.21875e-01
P01112	P27986	350	4.21875e-01
P01112	P28482	354	4.21875e-01
P01112	P42336	369	4.21875e-01
P45983	O43524	370	4.21875e-01
P01112	P45983	370	4.21875e-01
P45983	P01100	371	4.21875e-01
P45983	P04637	372	4.21875e-01
P45983	P05412	373	4.21875e-01
P45983	P15336	374	4.21875e-01
P45983	P17275	375	4.21875e-01
P45983	P17535	376	4.21875e-01
P45983	P35222	377	4.21875e-01
P45983	P53539	378	4.21875e-01
P45983	P84022	379	4.21875e-01
P45983	P98177	380	4.21875e-01
P45983	Q12778	381	4.21875e-01
P01112	P53778	382	4.21875e-01
P01112	Q03135	392	4.21875e-01
P01112	Q13233	393	4.21875e-01
P01112	Q15759	394	4.21875e-01
P01112	Q16539	405	4.21875e-01
P01112	Q7Z569	419	4.21875e-01
P01112	Q99759	420	4.21875e-01
Q9NS23	Q9UER7	421	4.21875e-01
P01112	Q9NS23	421	4.21875e-01
P01116	O15264	422	4.21875e-01
P01116	P04049	432	4.21875e-01
P01116	P15056	433	4.21875e-01
P01116	P27361	434	4.21875e-01
P01116	P27986	449	4.21875e-01
P01116	P28482	453	4.21875e-01
P01116	P42336	468	4.21875e-01
P01116	P53778	469	4.21875e-01
P01116	Q13233	479	4.21875e-01
P01116	Q15759	480	4.21875e-01
P01116	Q16539	491	4.21875e-01
P01116	Q7Z569	505	4.21875e-01
P01116	Q99759	506	4.21875e-01
P18031	P00519	507	4.21875e-01
P00519	O15350	507	4.21875e-01
P18031	O60674	508	4.21875e-01
O60674	P03372	508	4.21875e-01
O60674	P38398	509	4.21875e-01
P00519	P04637	510	4.21875e-01
P00519	P05412	511	4.21875e-01
P00519	P06400	512	4.21875e-01
P00519	P08047	513	4.21875e-01
P00519	P35222	514	4.21875e-01
P00519	P38398	515	4.21875e-01
P00519	Q09472	516	4.21875e-01
P18031	P00533	517	4.21875e-01
P00533	P03372	517	4.21875e-01
P00533	P10275	518	4.21875e-01
P00533	P35222	519	4.21875e-01
P18031	P12931	520	4.21875e-01
P12931	P08047	520	4.21875e-01
P12931	P10275	521	4.21875e-01
P12931	P35222	522	4.21875e-01
P12931	Q13761	523	4.21875e-01
P31749	O43524	524	4.21875e-01
P18031	P31749	524	4.21875e-01
P18031	P04629	525	4.21875e-01
P04629	P35222	525	4.21875e-01
P18031	P08069	526	4.21875e-01
P08069	P35222	526	4.21875e-01
P18031	P08581	527	4.21875e-01
P08581	P35222	527	4.21875e-01
P18031	P19022	528	4.21875e-01
P19022	P35222	528	4.21875e-01
P31749	P05412	529	4.21875e-01
P31749	P10275	530	4.21875e-01
P31749	P15336	531	4.21875e-01
P31749	P35222	532	4.21875e-01
P31749	P98177	533	4.21875e-01
P31749	Q09472	534	4.21875e-01
P31749	Q12778	535	4.21875e-01
P18031	P40763	536	4.21875e-01
P40763	P01100	536	4.21875e-01
P40763	P03372	537	4.21875e-01
P40763	P05412	538	4.21875e-01
P40763	P08047	539	4.21875e-01
P40763	P10275	540	4.21875e-01
P40763	Q12778	541	4.21875e-01
P40763	Q13547	542	4.21875e-01
P40763	Q13950	543	4.21875e-01
P40763	Q15788	544	4.21875e-01
P40763	Q9UER7	545	4.21875e-01
P18031	P42229	546	4.21875e-01
P42229	P03372	546	4.21875e-01
P42229	Q92793	547	4.21875e-01
P18031	P49841	548	4.21875e-01
P49841	P01106	548	4.21875e-01
P49841	P04637	549	4.21875e-01
P49841	P10275	550	4.21875e-01
P49841	P17844	551	4.21875e-01
P49841	P35222	552	4.21875e-01
P49841	Q01844	553	4.21875e-01
P18031	P51692	554	4.21875e-01
P51692	P14921	554	4.21875e-01
P51692	Q92793	555	4.21875e-01
P18031	P62993	556	4.21875e-01
P62993	O75593	556	4.21875e-01
P62993	P17844	557	4.21875e-01
P62993	P84022	558	4.21875e-01
P62993	P98082	559	4.21875e-01
P18031	P63165	560	4.21875e-01
P63165	P04637	560	4.21875e-01
P63165	P29590	561	4.21875e-01
P63165	Q02078	562	4.21875e-01
P63165	Q13485	563	4.21875e-01
P63165	Q9UER7	564	4.21875e-01
P18031	P68400	565	4.21875e-01
P68400	P35222	565	4.21875e-01
P18031	P56945	566	4.21875e-01
P56945	P84022	566	4.21875e-01
P18031	Q03135	567	4.21875e-01
P18031	Q05397	568	4.21875e-01
P18031	P25963	569	4.21875e-01
P25963	Q13547	569	4.21875e-01
P18031	Q16288	570	4.21875e-01
Q16288	P35222	570	4.21875e-01
P19174	P00519	571	4.21875e-01
P05106	P19174	571	4.21875e-01
P16885	P17252	572	4.21875e-01
P05106	P16885	572	4.21875e-01
P17252	P35222	572	4.21875e-01
P16885	P62993	573	4.21875e-01
P16885	Q05655	577	4.21875e-01
Q05655	P08047	577	4.21875e-01
P16885	Q16566	578	4.21875e-01
Q16566	P15336	578	4.21875e-01
Q16566	Q09472	579	4.21875e-01
Q16566	Q92793	580	4.21875e-01
P19174	O60674	581	4.21875e-01
P19174	P12931	590	4.21875e-01
P19174	O43918	591	4.21875e-01
O43918	P17844	591	4.21875e-01
P19174	P21333	595	4.21875e-01
P19174	P22681	596	4.21875e-01
P22681	P01106	596	4.21875e-01
P22681	P35222	597	4.21875e-01
P19174	P29353	598	4.21875e-01
P19174	P31749	599	4.21875e-01
P19174	P17252	600	4.21875e-01
P19174	O15360	601	4.21875e-01
O15360	P38398	601	4.21875e-01
P19174	P62993	609	4.21875e-01
P19174	Q05655	613	4.21875e-01
P19174	Q07666	614	4.21875e-01
Q07666	Q92793	614	4.21875e-01
P29353	P0CG47	615	4.21875e-01
P29353	P12931	616	4.21875e-01
P29353	P22681	620	4.21875e-01
P29353	P27986	622	4.21875e-01
P33151	P35222	626	4.21875e-01
P29353	P33151	626	4.21875e-01
P40189	P10275	627	4.21875e-01
P29353	P40189	627	4.21875e-01
P46940	P35222	628	4.21875e-01
P29353	P46940	628	4.21875e-01
P29353	P62993	629	4.21875e-01
P29353	P63104	633	4.21875e-01
P29353	Q05655	641	4.21875e-01
Q13191	P01106	642	4.21875e-01
P29353	Q13191	642	4.21875e-01
Q13191	P35222	643	4.21875e-01
P29353	Q13233	644	4.21875e-01
P05106	Q00722	645	4.21875e-01
Q00722	P00533	645	4.21875e-01
Q00722	P17252	648	4.21875e-01
Q00722	P46734	649	4.21875e-01
P46734	O15105	649	4.21875e-01
P52564	O15105	650	4.21875e-01
Q00722	P52564	650	4.21875e-01
Q00722	Q05655	651	4.21875e-01
Q01970	P00533	652	4.21875e-01
P05106	Q01970	652	4.21875e-01
P05106	P06756	653	4.21875e-01
P06756	Q05397	653	4.21875e-01
P05106	P08514	654	4.21875e-01
P08514	Q05397	654	4.21875e-01
Q01970	O14745	655	4.21875e-01
O14745	P35222	655	4.21875e-01
Q01970	P17252	658	4.21875e-01
Q01970	Q05655	659	4.21875e-01
Q01970	Q8TEW0	660	4.21875e-01
Q8TEW0	O15105	660	4.21875e-01
Q8TEW0	P35222	661	4.21875e-01
Q8TEW0	P84022	662	4.21875e-01
Q8TEW0	Q13485	663	4.21875e-01
Q8TEW0	Q15796	664	4.21875e-01
Q05397	P12931	665	4.21875e-01
Q05397	P18031	669	4.21875e-01
Q05397	P27986	672	4.21875e-01
Q05397	P29353	676	4.21875e-01
Q05397	P49023	677	4.21875e-01
P49023	P10275	677	4.21875e-01
P49023	P35222	678	4.21875e-01
Q05397	P61073	679	4.21875e-01
P61073	P01106	679	4.21875e-01
Q05397	P62993	680	4.21875e-01
Q05397	P78396	684	4.21875e-01
P78396	P06400	684	4.21875e-01
Q05397	P56945	685	4.21875e-01
Q05397	Q03135	686	4.21875e-01
Q05397	Q12933	687	4.21875e-01
Q12933	Q92905	687	4.21875e-01
Q05397	Q9Y6Q9	688	4.21875e-01
Q9Y6Q9	P10275	688	4.21875e-01
Q9Y6Q9	Q09472	689	4.21875e-01
Q9Y6Q9	Q92793	690	4.21875e-01
P05106	Q12929	691	4.21875e-01
Q12929	P00533	691	4.21875e-01
P51178	Q14974	692	4.21875e-01
P05106	P51178	692	4.21875e-01
Q14974	P84022	692	4.21875e-01
Q12929	P29353	695	4.21875e-01
P13569	P49711	696	4.21875e-01
Q12929	P13569	696	4.21875e-01
P05107	Q92905	697	4.21875e-01
Q12929	P05107	697	4.21875e-01
P13569	P98082	698	4.21875e-01
P13569	Q92905	699	4.21875e-01
P05106	Q15147	700	4.21875e-01
Q15147	P00533	700	4.21875e-01
Q15147	P17252	703	4.21875e-01
Q15147	Q05655	704	4.21875e-01
Q63HR2	P04626	705	4.21875e-01
P04626	P01106	705	4.21875e-01
P05106	Q63HR2	705	4.21875e-01
P04626	P35222	706	4.21875e-01
Q63HR2	P21860	707	4.21875e-01
P21860	P01106	707	4.21875e-01
P21860	P35222	708	4.21875e-01
P05106	Q7Z6G8	709	4.21875e-01
Q7Z6G8	P00533	709	4.21875e-01
Q7Z6G8	P04626	712	4.21875e-01
Q7Z6G8	Q15303	714	4.21875e-01
Q15303	P01106	714	4.21875e-01
Q7Z6G8	P05107	715	4.21875e-01
Q15303	P35222	716	4.21875e-01
P05106	Q9NQ66	717	4.21875e-01
Q9NQ66	P00533	717	4.21875e-01
Q9NQ66	P17252	720	4.21875e-01
Q9NQ66	Q05655	721	4.21875e-01
Q9NQ66	Q8TEW0	722	4.21875e-01
P05106	Q9UBP9	727	4.21875e-01
Q9UBP9	P05107	727	4.21875e-01
Q9UQF2	O43318	728	4.21875e-01
P05106	Q9UQF2	728	4.21875e-01
O43318	O15105	728	4.21875e-01
O43318	P12757	729	4.21875e-01
O43318	P98082	730	4.21875e-01
Q9UQF2	P00533	731	4.21875e-01
Q9UQF2	P04626	734	4.21875e-01
Q9UQF2	P45983	736	4.21875e-01
Q9UQF2	P45984	748	4.21875e-01
P45984	O43524	748	4.21875e-01
P45984	P01100	749	4.21875e-01
P45984	P04637	750	4.21875e-01
P45984	P05412	751	4.21875e-01
P45984	P15336	752	4.21875e-01
P45984	P17275	753	4.21875e-01
P45984	P17535	754	4.21875e-01
P45984	P53539	755	4.21875e-01
P45984	P84022	756	4.21875e-01
P45984	P98177	757	4.21875e-01
P45984	Q12778	758	4.21875e-01
Q9UQF2	P53779	759	4.21875e-01
P53779	O43524	759	4.21875e-01
Q9UQF2	P05107	760	4.21875e-01
P53779	P01100	761	4.21875e-01
P53779	P04637	762	4.21875e-01
P53779	P05412	763	4.21875e-01
P53779	P15336	764	4.21875e-01
P53779	P17275	765	4.21875e-01
P53779	P17535	766	4.21875e-01
P53779	P53539	767	4.21875e-01
P53779	P84022	768	4.21875e-01
P53779	P98177	769	4.21875e-01
P53779	Q12778	770	4.21875e-01
P05106	Q9Y3P9	771	4.21875e-01
Q9Y3P9	P62330	771	4.21875e-01
P62330	P17844	771	4.21875e-01
Q9Y3P9	P05107	772	4.21875e-01
P05106	Q9Y490	773	4.21875e-01
Q9Y490	P00533	773	4.21875e-01
Q9Y490	P04626	776	4.21875e-01
Q9Y490	P63104	778	4.21875e-01
P05556	P07948	786	4.21875e-01
P07948	P00533	786	4.21875e-01
P07948	P11802	789	4.21875e-01
P07948	P22681	792	4.21875e-01
P07948	P27361	794	4.21875e-01
P07948	P27986	809	4.21875e-01
P07948	P29350	813	4.21875e-01
P29350	P03372	813	4.21875e-01
P07948	P29353	814	4.21875e-01
P07948	P40189	815	4.21875e-01
P07948	P42336	816	4.21875e-01
P07948	P56945	817	4.21875e-01
P07948	Q05397	818	4.21875e-01
Q13177	P01106	819	4.21875e-01
P07948	Q13177	819	4.21875e-01
P07948	Q07666	820	4.21875e-01
P46527	Q92905	821	4.21875e-01
P07948	P46527	821	4.21875e-01
P07948	Q99759	822	4.21875e-01
P05556	P08195	823	4.21875e-01
P08195	P00533	823	4.21875e-01
P05556	O14924	824	4.21875e-01
P05556	O43707	825	4.21875e-01
P19838	P03372	825	4.21875e-01
O43707	P19838	825	4.21875e-01
P19838	P04637	826	4.21875e-01
P19838	P05412	827	4.21875e-01
P19838	P15336	828	4.21875e-01
P19838	P18847	829	4.21875e-01
P19838	P35222	830	4.21875e-01
P19838	Q13547	831	4.21875e-01
P19838	Q15788	832	4.21875e-01
P26232	P35222	833	4.21875e-01
O43707	P26232	833	4.21875e-01
P35221	P35222	834	4.21875e-01
O43707	P35221	834	4.21875e-01
O43707	P62993	835	4.21875e-01
O43707	P63104	839	4.21875e-01
P60709	P84022	840	4.21875e-01
O43707	P60709	840	4.21875e-01
Q04206	P01106	848	4.21875e-01
O43707	Q04206	848	4.21875e-01
Q04206	P04637	849	4.21875e-01
Q04206	P15336	850	4.21875e-01
Q04206	P29590	851	4.21875e-01
Q04206	Q09472	852	4.21875e-01
Q04206	Q13547	853	4.21875e-01
Q04206	Q92793	854	4.21875e-01
O43707	Q13554	855	4.21875e-01
Q13554	Q12778	855	4.21875e-01
Q13554	Q15796	856	4.21875e-01
Q96NW7	P35222	857	4.21875e-01
O43707	Q96NW7	857	4.21875e-01
O43707	Q99759	858	4.21875e-01
Q9UI47	P35222	859	4.21875e-01
O43707	Q9UI47	859	4.21875e-01
Q9UQM7	Q12778	860	4.21875e-01
O43707	Q9UQM7	860	4.21875e-01
Q9UQM7	Q15796	861	4.21875e-01
Q9Y572	P17844	862	4.21875e-01
O43707	Q9Y572	862	4.21875e-01
P08195	P62330	865	4.21875e-01
Q99623	P35222	866	4.21875e-01
P08195	Q99623	866	4.21875e-01
Q99623	Q01844	867	4.21875e-01
P08195	Q9HC98	868	4.21875e-01
Q9Y2Q3	P17844	869	4.21875e-01
P08195	Q9Y2Q3	869	4.21875e-01
P08195	Q9Y5J5	870	4.21875e-01
Q9Y5J5	P17844	870	4.21875e-01
P16471	O60674	871	4.21875e-01
P16471	P04049	873	4.21875e-01
P16471	P06241	874	4.21875e-01
P16471	P12931	877	4.21875e-01
P16471	P27986	881	4.21875e-01
P16471	P23458	882	4.21875e-01
P23458	P38398	882	4.21875e-01
P16471	P42229	886	4.21875e-01
P16471	P61981	888	4.21875e-01
P61981	O43524	888	4.21875e-01
P61981	P17844	889	4.21875e-01
P61981	Q12778	890	4.21875e-01
P61981	Q9GZV5	891	4.21875e-01
P16471	P63104	892	4.21875e-01
P16471	Q15303	900	4.21875e-01
P16471	Q9Y297	902	4.21875e-01
Q9Y297	P35222	902	4.21875e-01
Q9Y297	P84022	903	4.21875e-01
Q9Y297	Q13485	904	4.21875e-01
P17931	P15941	905	4.21875e-01
P15941	P35222	905	4.21875e-01
P17931	P13569	906	4.21875e-01
P21333	O14920	973	4.21875e-01
P21333	P00519	978	4.21875e-01
P21333	P06241	986	4.21875e-01
P21333	P08238	989	4.21875e-01
P08238	P10275	989	4.21875e-01
P21333	P27986	990	4.21875e-01
P21333	P46108	994	4.21875e-01
P46108	P08047	994	4.21875e-01
P46108	P84022	995	4.21875e-01
P21333	P49768	996	4.21875e-01
P49768	P35222	996	4.21875e-01
P21333	P62993	997	4.21875e-01
P21333	P63104	1001	4.21875e-01
P21333	P60709	1002	4.21875e-01
P21333	Q13233	1010	4.21875e-01
P21333	Q12933	1011	4.21875e-01
P21333	Q99759	1012	4.21875e-01
Q9NYJ8	O15105	1013	4.21875e-01
P21333	Q9NYJ8	1013	4.21875e-01
Q9NYJ8	Q13547	1014	4.21875e-01
P21333	Q9Y572	1015	4.21875e-01
Q9Y6K9	P01106	1016	4.21875e-01
P21333	Q9Y6K9	1016	4.21875e-01
Q9Y6K9	Q92793	1017	4.21875e-01
P23229	P00533	1018	4.21875e-01
P05556	P23229	1018	4.21875e-01
P23229	P04626	1021	4.21875e-01
P23229	Q05397	1023	4.21875e-01
P27797	P10275	1024	4.21875e-01
P05556	P30101	1024	4.21875e-01
P30101	P27797	1024	4.21875e-01
P30101	P40763	1025	4.21875e-01
P01130	Q92793	1026	4.21875e-01
P30101	P01130	1026	4.21875e-01
P05556	P46109	1036	4.21875e-01
P46109	P00519	1036	4.21875e-01
P46109	P04626	1044	4.21875e-01
P46109	P21860	1046	4.21875e-01
P46109	P22681	1048	4.21875e-01
P46109	P27986	1050	4.21875e-01
P46109	P29353	1054	4.21875e-01
P46109	P42229	1055	4.21875e-01
P46109	P45983	1057	4.21875e-01
P46109	P46108	1069	4.21875e-01
P46109	P49023	1071	4.21875e-01
P46109	P51692	1073	4.21875e-01
P46109	P62993	1075	4.21875e-01
P46109	P56945	1076	4.21875e-01
P46109	Q13191	1080	4.21875e-01
P46109	Q15303	1082	4.21875e-01
P63244	P08069	1084	4.21875e-01
P63244	P40763	1085	4.21875e-01
P42224	O15350	1095	4.21875e-01
P63244	P42224	1095	4.21875e-01
P63244	P13569	1096	4.21875e-01
P42224	P01100	1099	4.21875e-01
P42224	P04637	1100	4.21875e-01
P42224	P38398	1101	4.21875e-01
P42224	Q06413	1102	4.21875e-01
P42224	Q13547	1103	4.21875e-01
P42224	Q92793	1104	4.21875e-01
P63244	P78396	1105	4.21875e-01
O75530	Q13547	1106	4.21875e-01
P63244	O75530	1106	4.21875e-01
P63244	P05107	1107	4.21875e-01
P63244	Q9Y6K9	1108	4.21875e-01
P05556	P78324	1110	4.21875e-01
P78324	O60674	1110	4.21875e-01
P05556	O75578	1111	4.21875e-01
O75578	Q05397	1111	4.21875e-01
P05556	P06756	1112	4.21875e-01
P05556	P08648	1113	4.21875e-01
P08648	Q05397	1113	4.21875e-01
P05556	P13612	1114	4.21875e-01
P13612	Q05397	1114	4.21875e-01
P05556	P17301	1115	4.21875e-01
P17301	Q05397	1115	4.21875e-01
P05556	P26006	1116	4.21875e-01
P26006	Q05397	1116	4.21875e-01
P26006	Q14192	1117	4.21875e-01
P05556	P53708	1122	4.21875e-01
P53708	Q05397	1122	4.21875e-01
P05556	P56199	1123	4.21875e-01
P56199	Q05397	1123	4.21875e-01
P78324	P16471	1125	4.21875e-01
Q13418	P04792	1152	4.21875e-01
P04792	P04637	1152	4.21875e-01
P04792	P10275	1153	4.21875e-01
Q13418	P31749	1154	4.21875e-01
Q13418	P31751	1162	4.21875e-01
P31751	O43524	1162	4.21875e-01
Q13418	P25054	1163	4.21875e-01
P25054	P35222	1163	4.21875e-01
P31751	P05412	1164	4.21875e-01
P31751	P15336	1165	4.21875e-01
P31751	P35222	1166	4.21875e-01
P31751	P98177	1167	4.21875e-01
P31751	Q12778	1168	4.21875e-01
Q13418	P49023	1169	4.21875e-01
Q13418	P49841	1171	4.21875e-01
Q13418	P56192	1177	4.21875e-01
P56192	P01106	1177	4.21875e-01
Q13418	P57678	1178	4.21875e-01
P57678	P01106	1178	4.21875e-01
Q14790	P10275	1179	4.21875e-01
Q13418	Q14790	1179	4.21875e-01
Q13418	Q15459	1180	4.21875e-01
Q15459	P84022	1180	4.21875e-01
Q8N1F7	P01106	1181	4.21875e-01
Q13418	Q8N1F7	1181	4.21875e-01
Q13418	Q92621	1182	4.21875e-01
Q92621	P01106	1182	4.21875e-01
Q13418	P14174	1183	4.21875e-01
P14174	Q92905	1183	4.21875e-01
Q13418	P22087	1184	4.21875e-01
P22087	Q92905	1184	4.21875e-01
Q96T76	P01106	1185	4.21875e-01
Q13418	Q96T76	1185	4.21875e-01
Q9NVI1	P01106	1186	4.21875e-01
Q13418	Q9NVI1	1186	4.21875e-01
Q13418	Q9UHX1	1187	4.21875e-01
Q9UHX1	Q01844	1187	4.21875e-01
Q9Y243	O43524	1188	4.21875e-01
Q13418	Q9Y243	1188	4.21875e-01
Q9Y243	P05412	1189	4.21875e-01
Q9Y243	P15336	1190	4.21875e-01
Q9Y243	P98177	1191	4.21875e-01
Q9Y243	Q12778	1192	4.21875e-01
P05556	Q13683	1193	4.21875e-01
Q13683	Q05397	1193	4.21875e-01
Q13683	Q14192	1194	4.21875e-01
P05556	Q13797	1199	4.21875e-01
Q13797	Q05397	1199	4.21875e-01
Q14192	Q13643	1200	4.21875e-01
Q13643	P84022	1200	4.21875e-01
Q13643	Q13485	1201	4.21875e-01
Q13643	Q15796	1202	4.21875e-01
Q14192	Q8IZL8	1203	4.21875e-01
Q8IZL8	P10275	1203	4.21875e-01
Q14192	Q9Y4K3	1204	4.21875e-01
P05556	Q9UBP9	1205	4.21875e-01
P05556	Q9UKX5	1206	4.21875e-01
Q9UKX5	Q05397	1206	4.21875e-01
P11171	P84022	1207	4.21875e-01
O14936	P11171	1207	4.21875e-01
P34741	O14936	1207	4.21875e-01
P01137	P45983	1208	4.21875e-01
P01137	P45984	1220	4.21875e-01
P01137	P53779	1231	4.21875e-01
Q03167	P01137	1242	4.21875e-01
P34741	Q03167	1242	4.21875e-01
Q03167	P10600	1244	4.21875e-01
P10600	P84022	1244	4.21875e-01
P10600	Q15796	1245	4.21875e-01
Q03167	P61812	1246	4.21875e-01
P61812	P84022	1246	4.21875e-01
P61812	Q15796	1247	4.21875e-01
P36897	O00459	1248	4.21875e-01
O15530	O15105	1248	4.21875e-01
O00459	O15530	1248	4.21875e-01
O15530	P84022	1249	4.21875e-01
O15530	Q13485	1250	4.21875e-01
O15530	Q15796	1251	4.21875e-01
O00459	P00533	1252	4.21875e-01
O00459	P0CG47	1255	4.21875e-01
O00459	P27986	1256	4.21875e-01
O00459	P29350	1260	4.21875e-01
O00459	P29353	1261	4.21875e-01
O00459	P31749	1262	4.21875e-01
O00459	P31751	1270	4.21875e-01
O00459	P31946	1276	4.21875e-01
O00459	P40763	1278	4.21875e-01
O00459	P42229	1288	4.21875e-01
O00459	P42336	1290	4.21875e-01
P42345	P04637	1291	4.21875e-01
O00459	P42345	1291	4.21875e-01
O00459	P49841	1292	4.21875e-01
P60763	P10275	1298	4.21875e-01
O00459	P60763	1298	4.21875e-01
O00459	P62993	1299	4.21875e-01
O00459	P63104	1303	4.21875e-01
P46531	P84022	1304	4.21875e-01
O00459	P46531	1304	4.21875e-01
P46531	Q06413	1305	4.21875e-01
P46531	Q09472	1306	4.21875e-01
P46531	Q13573	1307	4.21875e-01
P46531	Q9UJU2	1308	4.21875e-01
O00459	Q05397	1316	4.21875e-01
O00459	Q9Y243	1317	4.21875e-01
O00459	Q9Y4K3	1322	4.21875e-01
O15169	O14640	1323	4.21875e-01
O14640	O15105	1323	4.21875e-01
O14640	P84022	1324	4.21875e-01
O14640	Q13485	1325	4.21875e-01
O14640	Q15796	1326	4.21875e-01
O15169	O14641	1327	4.21875e-01
O14641	P04637	1327	4.21875e-01
O15169	P31749	1328	4.21875e-01
O15169	O95996	1329	4.21875e-01
O95996	P35222	1329	4.21875e-01
O15169	P19022	1330	4.21875e-01
O15169	P25054	1331	4.21875e-01
O15169	P48729	1339	4.21875e-01
P48729	P35222	1339	4.21875e-01
O15169	P49674	1340	4.21875e-01
P49674	O43524	1340	4.21875e-01
P49674	P98177	1341	4.21875e-01
P49674	Q12778	1342	4.21875e-01
O15169	P49841	1343	4.21875e-01
O15169	P62136	1349	4.21875e-01
P62136	P06400	1349	4.21875e-01
P62136	P10275	1350	4.21875e-01
P62136	P15336	1351	4.21875e-01
P62136	Q9GZV5	1352	4.21875e-01
O15169	P67775	1353	4.21875e-01
O75581	P98082	1354	4.21875e-01
O15169	O75581	1354	4.21875e-01
O15169	Q13233	1359	4.21875e-01
O15169	P35813	1360	4.21875e-01
P35813	Q15796	1360	4.21875e-01
O15169	Q92997	1361	4.21875e-01
Q92997	P98082	1361	4.21875e-01
O15169	Q9Y297	1362	4.21875e-01
O75807	P36873	1365	4.21875e-01
Q9H467	P03372	1369	4.21875e-01
O75807	Q9H467	1369	4.21875e-01
O95405	O14964	1370	4.21875e-01
O14964	P84022	1370	4.21875e-01
O14964	Q15796	1371	4.21875e-01
P27986	O15530	1372	4.21875e-01
P27986	P00519	1376	4.21875e-01
P27986	P00533	1384	4.21875e-01
P27986	P0CG47	1387	4.21875e-01
P27986	O43918	1388	4.21875e-01
P27986	P19793	1389	4.21875e-01
P19793	P11473	1389	4.21875e-01
P19793	Q15788	1390	4.21875e-01
P27986	P21333	1391	4.21875e-01
P27986	P29350	1392	4.21875e-01
P27986	P29353	1393	4.21875e-01
P27986	P30260	1394	4.21875e-01
P30260	P12757	1394	4.21875e-01
P30260	P84022	1395	4.21875e-01
P30260	Q15796	1396	4.21875e-01
P27986	P31749	1397	4.21875e-01
P27986	P31751	1405	4.21875e-01
P27986	O15360	1406	4.21875e-01
P27986	P40763	1412	4.21875e-01
P27986	P42229	1422	4.21875e-01
P27986	P42336	1424	4.21875e-01
P27986	P42345	1425	4.21875e-01
P27986	P49841	1426	4.21875e-01
P27986	P58753	1432	4.21875e-01
P58753	P11473	1432	4.21875e-01
P27986	P60763	1433	4.21875e-01
P27986	P61978	1434	4.21875e-01
P61978	P04637	1434	4.21875e-01
P27986	P61981	1435	4.21875e-01
P27986	P62993	1439	4.21875e-01
P27986	P63104	1443	4.21875e-01
P27986	P46531	1444	4.21875e-01
P27986	Q05397	1456	4.21875e-01
P27986	P25963	1457	4.21875e-01
P27986	Q14790	1458	4.21875e-01
P27986	P16471	1459	4.21875e-01
P27986	Q07666	1460	4.21875e-01
P27986	Q9Y243	1461	4.21875e-01
P27986	Q9Y4K3	1466	4.21875e-01
P30153	P10415	1497	4.21875e-01
P10415	P04637	1497	4.21875e-01
P30153	P31749	1498	4.21875e-01
P30153	P31751	1506	4.21875e-01
P30153	P42224	1512	4.21875e-01
P30153	P46937	1519	4.21875e-01
P46937	O15105	1519	4.21875e-01
P30153	P13569	1520	4.21875e-01
P46937	O15350	1523	4.21875e-01
P46937	P84022	1524	4.21875e-01
P46937	Q15796	1525	4.21875e-01
P30153	P63151	1526	4.21875e-01
P30153	P67775	1528	4.21875e-01
Q00005	P05412	1533	4.21875e-01
P30153	Q00005	1533	4.21875e-01
P30153	O60739	1534	4.21875e-01
O60739	Q01844	1534	4.21875e-01
Q00005	Q9GZV5	1535	4.21875e-01
P30153	Q13362	1536	4.21875e-01
Q13362	P04637	1536	4.21875e-01
P30153	P52630	1537	4.21875e-01
P52630	Q13547	1537	4.21875e-01
P30153	Q14164	1538	4.21875e-01
Q14164	P17844	1538	4.21875e-01
Q15172	P01106	1539	4.21875e-01
P30153	Q15172	1539	4.21875e-01
P30153	Q99623	1540	4.21875e-01
P30153	Q99759	1542	4.21875e-01
P30153	P62714	1543	4.21875e-01
P30153	Q9NSA3	1544	4.21875e-01
Q9NSA3	P35222	1544	4.21875e-01
P30153	Q9UKE5	1545	4.21875e-01
Q9UKE5	P35222	1545	4.21875e-01
P30153	Q9Y243	1546	4.21875e-01
P30153	Q9Y4K3	1551	4.21875e-01
P36873	O75807	1552	4.21875e-01
P16220	P10275	1553	4.21875e-01
P36873	P16220	1553	4.21875e-01
P16220	P15336	1554	4.21875e-01
P16220	P38398	1555	4.21875e-01
P16220	Q09472	1556	4.21875e-01
P16220	Q92793	1557	4.21875e-01
P18848	P01100	1558	4.21875e-01
P36873	P18848	1558	4.21875e-01
P18848	P05412	1559	4.21875e-01
P18848	P18847	1560	4.21875e-01
P18848	Q09472	1561	4.21875e-01
P18848	Q92793	1562	4.21875e-01
P19525	P08047	1563	4.21875e-01
P36873	P19525	1563	4.21875e-01
P36873	P46937	1564	4.21875e-01
P50750	P10275	1568	4.21875e-01
P36873	P50750	1568	4.21875e-01
O43889	Q09472	1569	4.21875e-01
P36873	O43889	1569	4.21875e-01
O43889	Q92793	1570	4.21875e-01
Q02930	Q09472	1571	4.21875e-01
P36873	Q02930	1571	4.21875e-01
Q02930	Q92793	1572	4.21875e-01
Q13625	P04637	1573	4.21875e-01
P36873	Q13625	1573	4.21875e-01
Q13625	Q9GZV5	1574	4.21875e-01
Q68CJ9	Q09472	1575	4.21875e-01
P36873	Q68CJ9	1575	4.21875e-01
Q68CJ9	Q92793	1576	4.21875e-01
Q70SY1	Q09472	1577	4.21875e-01
P36873	Q70SY1	1577	4.21875e-01
Q70SY1	Q92793	1578	4.21875e-01
Q8TEY5	Q09472	1579	4.21875e-01
P36873	Q8TEY5	1579	4.21875e-01
Q8TEY5	Q92793	1580	4.21875e-01
Q96BA8	Q09472	1581	4.21875e-01
P36873	Q96BA8	1581	4.21875e-01
Q96BA8	Q92793	1582	4.21875e-01
P36873	Q99759	1583	4.21875e-01
P36873	Q9Y572	1584	4.21875e-01
P36873	Q9Y6K9	1585	4.21875e-01
P57059	P62258	1587	4.21875e-01
P62258	O43524	1587	4.21875e-01
P62258	Q14188	1588	4.21875e-01
P62258	Q9GZV5	1589	4.21875e-01
P57059	P63104	1590	4.21875e-01
Q53ET0	P15336	1598	4.21875e-01
P57059	Q53ET0	1598	4.21875e-01
Q53ET0	Q92793	1599	4.21875e-01
P36897	P61586	1600	4.21875e-01
P61586	O14641	1600	4.21875e-01
P36897	P17813	1601	4.21875e-01
P17813	P01137	1601	4.21875e-01
P17813	Q15654	1603	4.21875e-01
Q15654	P28749	1603	4.21875e-01
Q15654	P31269	1604	4.21875e-01
P37023	P01137	1605	4.21875e-01
P36897	P37023	1605	4.21875e-01
P61586	P04049	1607	4.21875e-01
P61586	P0CG48	1608	4.21875e-01
P0CG48	P01106	1608	4.21875e-01
P0CG48	P04637	1609	4.21875e-01
P0CG48	P05412	1610	4.21875e-01
P0CG48	Q9UER7	1611	4.21875e-01
P61586	P19338	1612	4.21875e-01
P19338	P04637	1612	4.21875e-01
P61586	P45983	1613	4.21875e-01
P61586	P45984	1625	4.21875e-01
P61586	P53779	1636	4.21875e-01
P61586	P60709	1647	4.21875e-01
P61586	Q03135	1648	4.21875e-01
P61586	P46527	1649	4.21875e-01
P40337	P17844	1650	4.21875e-01
P62942	P40337	1650	4.21875e-01
P62942	P42345	1651	4.21875e-01
P62942	P11171	1652	4.21875e-01
P63010	P00533	1653	4.21875e-01
P63010	P29353	1656	4.21875e-01
P63010	P46940	1657	4.21875e-01
P63010	P62993	1658	4.21875e-01
P63010	Q13191	1662	4.21875e-01
P63104	P00519	1664	4.21875e-01
O75592	P01106	1665	4.21875e-01
P63104	O75592	1665	4.21875e-01
P63104	P00533	1673	4.21875e-01
O14980	P04637	1674	4.21875e-01
P63104	O14980	1674	4.21875e-01
O14980	P98177	1675	4.21875e-01
O15151	P04637	1676	4.21875e-01
P63104	O15151	1676	4.21875e-01
O15151	P06400	1677	4.21875e-01
P63104	P04792	1680	4.21875e-01
P63104	P04049	1681	4.21875e-01
P06748	P04637	1683	4.21875e-01
P63104	P06748	1683	4.21875e-01
P06748	Q13547	1684	4.21875e-01
P07910	P01106	1685	4.21875e-01
P63104	P07910	1685	4.21875e-01
O00571	P08047	1686	4.21875e-01
P63104	O00571	1686	4.21875e-01
O00571	P17844	1687	4.21875e-01
P63104	P0CG47	1688	4.21875e-01
P63104	P0CG48	1689	4.21875e-01
P63104	P04406	1690	4.21875e-01
P04406	P10275	1690	4.21875e-01
P63104	P07900	1691	4.21875e-01
P07900	P10275	1691	4.21875e-01
P08107	P10275	1692	4.21875e-01
P63104	P08107	1692	4.21875e-01
P63104	P08238	1693	4.21875e-01
P63104	P11021	1697	4.21875e-01
P11021	P04637	1697	4.21875e-01
P11021	P10275	1698	4.21875e-01
P11142	P10275	1699	4.21875e-01
P63104	P11142	1699	4.21875e-01
P63104	O14744	1700	4.21875e-01
O14744	P12755	1700	4.21875e-01
P11142	Q99966	1701	4.21875e-01
P63104	P15056	1702	4.21875e-01
P63104	P17612	1703	4.21875e-01
P17612	P15336	1703	4.21875e-01
P17612	P18847	1704	4.21875e-01
P17612	Q09472	1705	4.21875e-01
P17612	Q92793	1706	4.21875e-01
P63104	P19338	1707	4.21875e-01
P63104	P21333	1708	4.21875e-01
P63104	P22681	1709	4.21875e-01
P63104	P27348	1711	4.21875e-01
P27348	O43524	1711	4.21875e-01
P27348	Q9GZV5	1712	4.21875e-01
P63104	P27797	1713	4.21875e-01
P63104	P27986	1714	4.21875e-01
P63104	P29353	1718	4.21875e-01
P63104	P30304	1719	4.21875e-01
P30304	P10275	1719	4.21875e-01
P63104	P30305	1720	4.21875e-01
P30305	P10275	1720	4.21875e-01
P63104	P31749	1721	4.21875e-01
P63104	P34931	1729	4.21875e-01
P34931	P04637	1729	4.21875e-01
P63104	P34932	1730	4.21875e-01
P34932	P10275	1730	4.21875e-01
P63104	P08069	1731	4.21875e-01
P63104	P08581	1732	4.21875e-01
P18206	P35222	1733	4.21875e-01
P63104	P18206	1733	4.21875e-01
P63104	P25054	1734	4.21875e-01
P63104	P38646	1735	4.21875e-01
P38646	P04637	1735	4.21875e-01
P63104	P42345	1736	4.21875e-01
P63104	P46937	1737	4.21875e-01
P63104	P46940	1741	4.21875e-01
P49815	P03372	1742	4.21875e-01
P63104	P49815	1742	4.21875e-01
P49815	Q12778	1743	4.21875e-01
P63104	P49841	1744	4.21875e-01
P63104	P56524	1750	4.21875e-01
P56524	P15336	1750	4.21875e-01
P56524	P25208	1751	4.21875e-01
P56524	Q02078	1752	4.21875e-01
P56524	Q06413	1753	4.21875e-01
P63104	P57059	1754	4.21875e-01
P63104	P61978	1755	4.21875e-01
P63104	P62258	1756	4.21875e-01
P62805	P38398	1759	4.21875e-01
P63104	P62805	1759	4.21875e-01
P62805	Q13547	1760	4.21875e-01
P62805	Q9UER7	1761	4.21875e-01
P63104	P62993	1762	4.21875e-01
P67809	P04637	1766	4.21875e-01
P63104	P67809	1766	4.21875e-01
P02545	P84022	1767	4.21875e-01
P63104	P02545	1767	4.21875e-01
P08670	P84022	1768	4.21875e-01
P63104	P08670	1768	4.21875e-01
P63104	P60709	1769	4.21875e-01
P67809	P49711	1770	4.21875e-01
P63104	Q01082	1771	4.21875e-01
Q01082	P84022	1771	4.21875e-01
Q01082	Q13485	1772	4.21875e-01
P63104	Q02790	1773	4.21875e-01
Q02790	P10275	1773	4.21875e-01
P63104	Q06830	1774	4.21875e-01
Q06830	P10275	1774	4.21875e-01
P63104	Q13191	1775	4.21875e-01
P63104	Q13263	1777	4.21875e-01
Q13263	P01106	1777	4.21875e-01
P63104	Q13310	1778	4.21875e-01
Q13310	P41235	1778	4.21875e-01
P63104	Q12931	1779	4.21875e-01
P63104	Q13625	1780	4.21875e-01
P63104	Q14974	1782	4.21875e-01
Q15365	Q01844	1783	4.21875e-01
P63104	Q15365	1783	4.21875e-01
P63104	Q8TEW0	1784	4.21875e-01
P63104	Q8WUI4	1789	4.21875e-01
Q8WUI4	P10275	1789	4.21875e-01
Q92616	P01106	1790	4.21875e-01
P63104	Q92616	1790	4.21875e-01
P63104	P16471	1791	4.21875e-01
P63104	P10599	1792	4.21875e-01
P10599	Q92905	1792	4.21875e-01
Q92974	P01106	1793	4.21875e-01
P63104	Q92974	1793	4.21875e-01
P63104	Q99683	1794	4.21875e-01
Q99683	P06400	1794	4.21875e-01
P63104	Q99759	1795	4.21875e-01
P63104	Q96F86	1796	4.21875e-01
Q96F86	Q9NPI6	1796	4.21875e-01
P63104	Q9Y230	1797	4.21875e-01
Q9Y230	P01106	1797	4.21875e-01
Q9Y230	P35222	1798	4.21875e-01
Q9Y230	Q13547	1799	4.21875e-01
P63104	Q9Y265	1800	4.21875e-01
Q9Y265	P35222	1800	4.21875e-01
P63104	Q9Y6K9	1801	4.21875e-01
P63151	P10415	1803	4.21875e-01
P63151	P30153	1804	4.21875e-01
P63151	P31749	1807	4.21875e-01
P63151	P31751	1815	4.21875e-01
P63151	P42224	1821	4.21875e-01
P63151	P46937	1828	4.21875e-01
P63151	P67775	1832	4.21875e-01
P63151	P52630	1833	4.21875e-01
P63151	Q92597	1838	4.21875e-01
Q92597	P17844	1838	4.21875e-01
Q92597	P35222	1839	4.21875e-01
Q92597	Q01844	1840	4.21875e-01
P63151	Q9Y243	1841	4.21875e-01
P98170	O14757	1846	4.21875e-01
O14757	P04637	1846	4.21875e-01
O14757	P06400	1847	4.21875e-01
P98170	P04049	1848	4.21875e-01
P98170	P07910	1849	4.21875e-01
P98170	P0CG48	1850	4.21875e-01
P98170	P42574	1854	4.21875e-01
P42574	P10275	1854	4.21875e-01
P98170	P51668	1855	4.21875e-01
P51668	P12757	1855	4.21875e-01
P98170	P55210	1856	4.21875e-01
P55210	P10275	1856	4.21875e-01
P98170	P61077	1857	4.21875e-01
P61077	P12757	1857	4.21875e-01
P61077	Q15796	1858	4.21875e-01
P98170	P62837	1859	4.21875e-01
P62837	P12757	1859	4.21875e-01
P98170	P46531	1860	4.21875e-01
P62837	Q15796	1865	4.21875e-01
P98170	Q9Y4K3	1866	4.21875e-01
Q03135	P00533	1867	4.21875e-01
Q03135	P18031	1870	4.21875e-01
Q03135	P27361	1873	4.21875e-01
Q03135	P28482	1888	4.21875e-01
Q03135	P29350	1903	4.21875e-01
P10586	P35222	1904	4.21875e-01
Q03135	P10586	1904	4.21875e-01
Q03135	P12830	1905	4.21875e-01
P12830	P35222	1905	4.21875e-01
P60484	P10275	1906	4.21875e-01
Q03135	P60484	1906	4.21875e-01
Q03135	P62136	1907	4.21875e-01
Q03135	Q05397	1911	4.21875e-01
Q03135	Q12933	1912	4.21875e-01
P36897	Q03167	1913	4.21875e-01
Q12931	P63104	1919	4.21875e-01
O00141	O43524	1927	4.21875e-01
Q13347	O00141	1927	4.21875e-01
P36897	Q13347	1927	4.21875e-01
O00141	P98177	1928	4.21875e-01
O00141	Q12778	1929	4.21875e-01
Q13347	P62330	1930	4.21875e-01
Q13347	P78396	1931	4.21875e-01
Q13347	O60739	1932	4.21875e-01
Q13347	Q13177	1933	4.21875e-01
Q13347	Q9Y4K3	1934	4.21875e-01
Q13501	O14920	1935	4.21875e-01
Q13501	P0CG48	1940	4.21875e-01
Q13501	P18074	1944	4.21875e-01
P18074	P10275	1944	4.21875e-01
P19447	P10275	1945	4.21875e-01
Q13501	P19447	1945	4.21875e-01
Q13501	P27361	1946	4.21875e-01
Q13501	P28482	1961	4.21875e-01
Q13501	P62979	1976	4.21875e-01
Q13501	Q04771	1978	4.21875e-01
Q12913	P35222	1980	4.21875e-01
Q13501	Q12913	1980	4.21875e-01
Q13501	Q14790	1981	4.21875e-01
Q15797	P10275	1982	4.21875e-01
Q13501	Q15797	1982	4.21875e-01
Q15797	Q09472	1983	4.21875e-01
Q15797	Q13485	1984	4.21875e-01
Q15797	Q9HAU4	1985	4.21875e-01
Q13501	Q16620	1986	4.21875e-01
Q16620	P35222	1986	4.21875e-01
Q13501	Q9HCE7	1987	4.21875e-01
Q13501	Q9Y4K3	1992	4.21875e-01
Q13501	Q9Y6K9	1993	4.21875e-01
Q9NPB6	P33151	1995	4.21875e-01
P36897	Q9NPB6	1995	4.21875e-01
P36897	P16070	1996	4.21875e-01
P16070	Q9Y4K3	1996	4.21875e-01
Q9NPB6	Q04917	1997	4.21875e-01
Q04917	O43524	1997	4.21875e-01
Q04917	Q9GZV5	1998	4.21875e-01
Q9NPB6	Q8TEW0	1999	4.21875e-01
Q9NPB6	Q9HCE7	2004	4.21875e-01
Q9Y3F4	O15530	2009	4.21875e-01
O96017	P04637	2013	4.21875e-01
Q9Y3F4	O96017	2013	4.21875e-01
O96017	P06400	2014	4.21875e-01
Q9Y3F4	P49841	2015	4.21875e-01
Q9Y3F4	O60739	2016	4.21875e-01
Q9Y3F4	Q14164	2022	4.21875e-01
Q9Y3F4	Q99683	2023	4.21875e-01
Q9Y3F4	Q9UKE5	2024	4.21875e-01
Q9Y478	O43524	2025	4.21875e-01
Q9Y3F4	Q9Y478	2025	4.21875e-01
Q9Y478	P98177	2026	4.21875e-01
Q9Y478	Q01844	2027	4.21875e-01
Q9Y478	Q12778	2028	4.21875e-01
Q9Y3F4	Q9Y4K3	2029	4.21875e-01
Q9Y4K3	O43318	2030	4.21875e-01
Q9Y4K3	O14920	2031	4.21875e-01
O15111	O43524	2036	4.21875e-01
Q9Y4K3	O15111	2036	4.21875e-01
O15111	P14921	2037	4.21875e-01
O15111	P35222	2038	4.21875e-01
O15111	P98177	2039	4.21875e-01
O15111	Q12778	2040	4.21875e-01
O15111	Q15796	2041	4.21875e-01
O15111	Q92793	2042	4.21875e-01
Q9Y4K3	O15264	2043	4.21875e-01
Q9Y4K3	P06748	2055	4.21875e-01
Q9Y4K3	P07910	2057	4.21875e-01
Q9Y4K3	P09874	2058	4.21875e-01
P09874	P04637	2058	4.21875e-01
P09874	P10275	2059	4.21875e-01
Q9Y4K3	P0CG47	2060	4.21875e-01
Q9Y4K3	P0CG48	2061	4.21875e-01
Q9Y4K3	P07900	2062	4.21875e-01
Q9Y4K3	P11021	2066	4.21875e-01
Q9Y4K3	P11142	2068	4.21875e-01
Q9Y4K3	P12931	2070	4.21875e-01
O95551	P14921	2071	4.21875e-01
Q9Y4K3	O95551	2071	4.21875e-01
Q9Y4K3	P19838	2075	4.21875e-01
Q9Y4K3	P22681	2083	4.21875e-01
Q9Y4K3	P27361	2085	4.21875e-01
Q9Y4K3	P27797	2100	4.21875e-01
Q9Y4K3	P27986	2101	4.21875e-01
Q9Y4K3	P28482	2105	4.21875e-01
Q9Y4K3	P29350	2120	4.21875e-01
Q9Y4K3	P06730	2121	4.21875e-01
P06730	P29590	2121	4.21875e-01
Q9Y4K3	P30153	2122	4.21875e-01
P33993	P01106	2125	4.21875e-01
Q9Y4K3	P33993	2125	4.21875e-01
P33993	P06400	2126	4.21875e-01
Q9Y4K3	P34931	2127	4.21875e-01
Q9Y4K3	P38646	2128	4.21875e-01
Q9Y4K3	P45983	2129	4.21875e-01
Q9Y4K3	P45984	2141	4.21875e-01
P49116	P10275	2152	4.21875e-01
Q9Y4K3	P49116	2152	4.21875e-01
Q9Y4K3	P51668	2153	4.21875e-01
Q9Y4K3	P53778	2154	4.21875e-01
Q9Y4K3	P53779	2164	4.21875e-01
Q9Y4K3	P56192	2175	4.21875e-01
Q9Y4K3	P61077	2176	4.21875e-01
Q9Y4K3	P62837	2178	4.21875e-01
Q9Y4K3	P62979	2180	4.21875e-01
Q9Y4K3	P98170	2182	4.21875e-01
Q9Y4K3	Q04206	2183	4.21875e-01
Q9Y4K3	P10242	2184	4.21875e-01
P10242	Q09472	2184	4.21875e-01
P10242	Q92793	2185	4.21875e-01
Q9Y4K3	P55209	2186	4.21875e-01
P55209	Q09472	2186	4.21875e-01
P55209	Q92793	2187	4.21875e-01
Q9Y4K3	Q13077	2194	4.21875e-01
Q13077	P17844	2194	4.21875e-01
Q13155	P04637	2195	4.21875e-01
Q9Y4K3	Q13155	2195	4.21875e-01
Q9Y4K3	Q13263	2196	4.21875e-01
Q9Y4K3	Q13501	2197	4.21875e-01
Q9Y4K3	Q13526	2200	4.21875e-01
Q13526	O15350	2200	4.21875e-01
Q13526	P04637	2201	4.21875e-01
Q13526	P35222	2202	4.21875e-01
Q13526	Q9UER7	2203	4.21875e-01
Q9Y4K3	Q13616	2204	4.21875e-01
Q13616	P35222	2204	4.21875e-01
Q13616	P84022	2205	4.21875e-01
Q9Y4K3	Q14790	2206	4.21875e-01
Q9Y4K3	Q14974	2207	4.21875e-01
Q9Y4K3	Q15365	2208	4.21875e-01
Q9Y4K3	Q15759	2209	4.21875e-01
Q9Y4K3	Q16539	2220	4.21875e-01
Q9Y4K3	Q16543	2234	4.21875e-01
Q16543	P10275	2234	4.21875e-01
Q9Y4K3	Q16620	2235	4.21875e-01
Q9Y4K3	Q13568	2236	4.21875e-01
Q13568	Q92793	2236	4.21875e-01
Q9Y4K3	P09936	2237	4.21875e-01
P09936	Q92905	2237	4.21875e-01
Q9Y4K3	P14174	2238	4.21875e-01
Q9Y4K3	Q12933	2239	4.21875e-01
Q92985	P84022	2240	4.21875e-01
Q9Y4K3	Q92985	2240	4.21875e-01
Q92985	Q09472	2241	4.21875e-01
Q92985	Q92793	2242	4.21875e-01
Q9Y4K3	Q96FA3	2243	4.21875e-01
Q96FA3	O43541	2243	4.21875e-01
Q9Y4K3	Q99558	2244	4.21875e-01
Q99558	P17844	2244	4.21875e-01
Q9Y4K3	Q99623	2245	4.21875e-01
Q9Y4K3	Q99683	2247	4.21875e-01
Q9Y4K3	Q99759	2248	4.21875e-01
Q9Y4K3	Q99836	2249	4.21875e-01
Q99836	P11473	2249	4.21875e-01
Q9Y4K3	Q99873	2250	4.21875e-01
Q99873	O43524	2250	4.21875e-01
Q99873	O75925	2251	4.21875e-01
Q99873	P10275	2252	4.21875e-01
Q99873	P98177	2253	4.21875e-01
Q99873	Q12778	2254	4.21875e-01
Q9BXW9	P38398	2255	4.21875e-01
Q9Y4K3	Q9BXW9	2255	4.21875e-01
Q9Y4K3	P62714	2256	4.21875e-01
Q9Y4K3	P12004	2257	4.21875e-01
P12004	Q9H160	2257	4.21875e-01
Q9NR30	P05412	2258	4.21875e-01
Q9Y4K3	Q9NR30	2258	4.21875e-01
Q9Y4K3	Q9NYJ8	2259	4.21875e-01
Q9Y4K3	Q9UBE0	2261	4.21875e-01
Q9UBE0	P04637	2261	4.21875e-01
Q9Y4K3	Q9UQ80	2262	4.21875e-01
Q9UQ80	P06400	2262	4.21875e-01
Q9UQ80	P10275	2263	4.21875e-01
Q9Y4K3	Q9Y230	2264	4.21875e-01
Q9Y4K3	Q9Y265	2267	4.21875e-01
Q9Y4K3	Q9Y3F4	2268	4.21875e-01
Q9Y4K3	Q9Y6K9	2274	4.21875e-01
P37173	O00459	2276	4.21875e-01
O95067	P06493	2351	4.21875e-01
P37173	O95067	2351	4.21875e-01
O95067	P21333	2354	4.21875e-01
P24941	O43524	2355	4.21875e-01
O95067	P24941	2355	4.21875e-01
P24941	P06400	2356	4.21875e-01
P24941	P28749	2357	4.21875e-01
P24941	P35222	2358	4.21875e-01
P24941	P98177	2359	4.21875e-01
P24941	Q09472	2360	4.21875e-01
P24941	Q12778	2361	4.21875e-01
O95067	P28340	2362	4.21875e-01
P38936	P04637	2363	4.21875e-01
O95067	P38936	2363	4.21875e-01
P38936	Q13547	2364	4.21875e-01
P06493	P04406	2367	4.21875e-01
P06493	P19793	2368	4.21875e-01
P20248	P06400	2370	4.21875e-01
P06493	P20248	2370	4.21875e-01
P24864	P06400	2371	4.21875e-01
P06493	P24864	2371	4.21875e-01
P06493	P19784	2372	4.21875e-01
P24864	P10275	2373	4.21875e-01
P51610	P08047	2374	4.21875e-01
P06493	P51610	2374	4.21875e-01
P51610	Q13547	2375	4.21875e-01
P53350	P04637	2376	4.21875e-01
P06493	P53350	2376	4.21875e-01
P06493	P62136	2377	4.21875e-01
P67870	P35222	2381	4.21875e-01
P06493	P67870	2381	4.21875e-01
P06493	P68400	2382	4.21875e-01
P06493	P78396	2383	4.21875e-01
P06493	Q16667	2384	4.21875e-01
Q16667	P05412	2384	4.21875e-01
O95835	Q9GZV5	2385	4.21875e-01
P06493	O95835	2385	4.21875e-01
P28340	P00519	2481	4.21875e-01
P28340	P06241	2489	4.21875e-01
P28340	P12931	2492	4.21875e-01
P28340	P62330	2496	4.21875e-01
P28340	P62993	2497	4.21875e-01
P43360	Q13547	2498	4.21875e-01
P28340	P43360	2498	4.21875e-01
P28340	Q9Y2Q3	2502	4.21875e-01
P37173	P61586	2588	4.21875e-01
P37173	P17813	2589	4.21875e-01
P37173	P37023	2593	4.21875e-01
P62714	P10415	2638	4.21875e-01
P62714	P30153	2639	4.21875e-01
P62714	P31749	2642	4.21875e-01
P62714	P31751	2650	4.21875e-01
P62714	P42224	2656	4.21875e-01
P62714	P46937	2663	4.21875e-01
P62714	P78396	2667	4.21875e-01
P62714	Q00005	2668	4.21875e-01
P62714	Q13362	2670	4.21875e-01
P62714	P52630	2671	4.21875e-01
P62714	Q14164	2672	4.21875e-01
P62714	Q9Y243	2673	4.21875e-01
P62714	Q9Y2T1	2678	4.21875e-01
Q9Y2T1	P35222	2678	4.21875e-01
Q9Y2T1	P84022	2679	4.21875e-01
P62714	Q9Y4K3	2680	4.21875e-01
P67775	O15169	2692	4.21875e-01
P67775	O43318	2697	4.21875e-01
P67775	O60674	2700	4.21875e-01
P67775	P04049	2702	4.21875e-01
P67775	P10415	2703	4.21875e-01
P67775	P27361	2704	4.21875e-01
P67775	P28482	2719	4.21875e-01
P67775	P06730	2720	4.21875e-01
P67775	P30153	2735	4.21875e-01
P67775	P31749	2738	4.21875e-01
P67775	P31751	2746	4.21875e-01
P67775	P42224	2752	4.21875e-01
P67775	P42229	2759	4.21875e-01
P67775	P42574	2761	4.21875e-01
P67775	P46937	2762	4.21875e-01
P67775	P49815	2766	4.21875e-01
P67775	P51692	2768	4.21875e-01
P67775	P63151	2770	4.21875e-01
P67775	Q00005	2772	4.21875e-01
P67775	Q04206	2774	4.21875e-01
P67775	Q13362	2781	4.21875e-01
P67775	P52630	2782	4.21875e-01
P67775	Q15172	2783	4.21875e-01
P30154	Q9GZV5	2784	4.21875e-01
P67775	P30154	2784	4.21875e-01
P67775	Q9Y243	2785	4.21875e-01
P37173	Q03167	2790	4.21875e-01
P37173	Q13347	2804	4.21875e-01
P09486	Q13418	2805	4.21875e-01
P37173	P09486	2805	4.21875e-01
P09486	Q14790	2806	4.21875e-01
Q9HCE7	O14980	2814	4.21875e-01
Q9HCE7	P61289	2816	4.21875e-01
P61289	P04637	2816	4.21875e-01
P36896	P84022	2817	4.21875e-01
Q9HCE7	P36896	2817	4.21875e-01
P36896	Q15796	2818	4.21875e-01
Q9HCE7	Q13501	2819	4.21875e-01
Q9HCE7	Q15797	2822	4.21875e-01
Q9HCE7	Q53GL0	2826	4.21875e-01
Q53GL0	P05412	2826	4.21875e-01
Q9H469	Q9HAU4	2827	4.21875e-01
Q9HCE7	Q9H469	2827	4.21875e-01
O14576	P04637	2828	4.21875e-01
Q9NP97	O14576	2828	4.21875e-01
Q9NP97	P11171	2829	4.21875e-01
Q9NP97	Q9Y5J5	2830	4.21875e-01
P37173	Q9NPB6	2831	4.21875e-01
Q92831	P10275	3111	4.21313e-01
P37173	Q92831	3111	4.21313e-01
Q92831	P84022	3112	4.21313e-01
Q92831	Q09472	3113	4.21313e-01
Q92831	Q15796	3114	4.21313e-01
Q92831	Q92793	3115	4.21313e-01
Q14192	P84022	3116	4.16723e-01
P17931	P15884	3117	4.07348e-01
P17931	P23511	3118	4.07348e-01
P17931	P35222	3119	4.07348e-01
P17931	Q01196	3120	4.07348e-01
P05556	P29353	3121	4.07348e-01
P05556	P31749	3122	4.07348e-01
P05556	P67775	3130	4.07348e-01
P01137	P10275	3135	4.07348e-01
P01137	Q09472	3136	4.07348e-01
P27986	P35222	3137	4.07348e-01
Q9Y4K3	Q13547	3138	4.07348e-01
P49716	P08047	3140	4.07348e-01
P37173	P49716	3140	4.07348e-01
P37173	P62993	3141	4.07348e-01
P16471	Q9UKB1	3146	4.06694e-01
Q9UKB1	P35222	3146	4.06694e-01
Q9Y4K3	P00533	3147	4.06694e-01
Q9Y4K3	P21860	3150	4.06694e-01
Q9Y4K3	P04629	3151	4.06694e-01
Q9Y4K3	P08069	3152	4.06694e-01
Q9Y4K3	P08581	3153	4.06694e-01
Q9Y4K3	Q15303	3155	4.06694e-01
Q9HCE7	P00533	3157	4.06694e-01
Q9HCE7	P21860	3160	4.06694e-01
Q9HCE7	P04629	3161	4.06694e-01
Q9HCE7	P08069	3162	4.06694e-01
Q9HCE7	P08581	3163	4.06694e-01
Q9HCE7	Q15303	3165	4.06694e-01
Q9UNE7	Q13485	3177	4.04093e-01
O15264	Q13485	3178	4.03483e-01
P11233	Q13485	3180	4.03483e-01
P01112	P11233	3180	4.03483e-01
P55196	Q15796	3181	4.03483e-01
P01112	P55196	3181	4.03483e-01
P06756	Q8N3E9	3183	4.03483e-01
P18031	P68133	3184	4.03483e-01
P68133	Q9HAU4	3184	4.03483e-01
Q07666	Q15796	3186	4.03483e-01
P19174	Q15036	3187	4.03483e-01
Q15036	P12757	3187	4.03483e-01
P19174	O75369	3188	4.03483e-01
O75369	Q9HAU4	3188	4.03483e-01
Q14315	Q9HAU4	3189	4.03483e-01
P19174	Q14315	3189	4.03483e-01
O15162	Q01844	3190	4.03483e-01
P29353	O15162	3190	4.03483e-01
P13987	Q13485	3191	4.03483e-01
P29353	P13987	3191	4.03483e-01
P51178	P21980	3192	4.03483e-01
P21980	P84022	3192	4.03483e-01
P21980	Q15796	3193	4.03483e-01
Q14974	Q15796	3194	4.03483e-01
Q05397	O43294	3195	4.03483e-01
O43294	P10275	3195	4.03483e-01
O43294	P84022	3196	4.03483e-01
Q9Y6Q9	Q15788	3197	4.03483e-01
Q12929	Q13155	3198	4.03483e-01
Q63HR2	Q5VTD9	3199	4.03483e-01
Q5VTD9	Q92905	3199	4.03483e-01
P07948	P67870	3201	4.03483e-01
P21333	O75369	3204	4.03483e-01
P23229	O15230	3205	4.03483e-01
O15230	Q15796	3205	4.03483e-01
P30101	P27824	3207	4.03483e-01
P27824	Q9HAU4	3207	4.03483e-01
P31946	O14920	3208	4.03483e-01
P31946	P00519	3213	4.03483e-01
P31946	O75592	3214	4.03483e-01
O75643	P01106	3215	4.03483e-01
P31946	O75643	3215	4.03483e-01
P31946	O15151	3216	4.03483e-01
P31946	P04049	3225	4.03483e-01
P31946	P0CG48	3226	4.03483e-01
P31946	P08107	3227	4.03483e-01
P31946	P08238	3228	4.03483e-01
P31946	P11021	3232	4.03483e-01
P31946	O14744	3233	4.03483e-01
P31946	P15056	3235	4.03483e-01
P31946	P22681	3236	4.03483e-01
P31946	P30305	3238	4.03483e-01
P31946	P08069	3239	4.03483e-01
P31946	P46937	3240	4.03483e-01
P31946	P49815	3244	4.03483e-01
P31946	P68400	3246	4.03483e-01
P78527	P04637	3247	4.03483e-01
P31946	P78527	3247	4.03483e-01
P78527	Q09472	3248	4.03483e-01
P31946	Q05655	3249	4.03483e-01
P31946	O00422	3250	4.03483e-01
O00422	Q13547	3250	4.03483e-01
Q15029	P01106	3251	4.03483e-01
P31946	Q15029	3251	4.03483e-01
P31946	Q53ET0	3252	4.03483e-01
P31946	Q8TEW0	3254	4.03483e-01
P31946	P46527	3255	4.03483e-01
P31946	Q96SB4	3260	4.03483e-01
Q96SB4	P04637	3260	4.03483e-01
P31946	Q99759	3261	4.03483e-01
P31946	Q96F86	3262	4.03483e-01
P84090	P04637	3266	4.03483e-01
Q13418	P84090	3266	4.03483e-01
Q14192	O95405	3268	4.03483e-01
Q14192	P33993	3272	4.03483e-01
Q14192	P05107	3273	4.03483e-01
P21359	P63165	3275	4.03483e-01
P34741	P21359	3275	4.03483e-01
O14641	Q8TAD8	3280	4.03483e-01
P62136	P04637	3281	4.03483e-01
O75807	P62136	3282	4.03483e-01
O95405	P30153	3286	4.03483e-01
O95405	P14923	3287	4.03483e-01
P14923	P35222	3287	4.03483e-01
P14923	Q9UJU2	3288	4.03483e-01
O95405	P36873	3291	4.03483e-01
O95405	P62136	3295	4.03483e-01
O95405	P62140	3299	4.03483e-01
P62140	P15336	3299	4.03483e-01
P62140	Q9GZV5	3300	4.03483e-01
O95405	Q14192	3301	4.03483e-01
Q96RT1	O15105	3306	4.03483e-01
O95405	Q96RT1	3306	4.03483e-01
Q96RT1	P35222	3307	4.03483e-01
Q96RT1	P84022	3308	4.03483e-01
Q96RT1	Q13485	3309	4.03483e-01
Q96RT1	Q15796	3310	4.03483e-01
Q9Y3C5	Q9HAU4	3311	4.03483e-01
O95405	Q9Y3C5	3311	4.03483e-01
P19793	Q15796	3312	4.03483e-01
P27986	Q15036	3315	4.03483e-01
P27986	O75369	3316	4.03483e-01
P27986	Q14315	3317	4.03483e-01
P30153	O95405	3320	4.03483e-01
P19429	Q9HAU4	3324	4.03483e-01
P30153	P19429	3324	4.03483e-01
P36873	O95405	3325	4.03483e-01
P60660	Q01844	3329	4.03483e-01
P36873	P60660	3329	4.03483e-01
Q13464	Q15796	3331	4.03483e-01
P61586	Q13464	3331	4.03483e-01
P61586	Q969H4	3332	4.03483e-01
Q969H4	Q13485	3332	4.03483e-01
P40692	P38398	3333	4.03483e-01
P63010	P40692	3333	4.03483e-01
P63010	P13987	3334	4.03483e-01
P63104	P04183	3335	4.03483e-01
P04183	P04637	3335	4.03483e-01
P63104	P52294	3337	4.03483e-01
P52294	P38398	3337	4.03483e-01
P05388	P84022	3338	4.03483e-01
P63104	P05388	3338	4.03483e-01
P63104	O00273	3339	4.03483e-01
O00273	Q01844	3339	4.03483e-01
P62899	Q01844	3340	4.03483e-01
P63104	P62899	3340	4.03483e-01
P68104	Q13485	3341	4.03483e-01
P63104	P68104	3341	4.03483e-01
P63104	P55196	3342	4.03483e-01
O75533	Q8TAD8	3343	4.03483e-01
P63104	O75533	3343	4.03483e-01
P68104	Q15796	3344	4.03483e-01
Q92934	Q01844	3346	4.03483e-01
P63104	Q92934	3346	4.03483e-01
P63104	P06576	3347	4.03483e-01
P06576	Q9HAU4	3347	4.03483e-01
P30084	Q9HAU4	3348	4.03483e-01
P63104	P30084	3348	4.03483e-01
P63151	P19429	3349	4.03483e-01
P10586	P12757	3352	4.03483e-01
P54725	Q01844	3354	4.03483e-01
Q13501	P54725	3354	4.03483e-01
Q15797	O60315	3355	4.03483e-01
Q15797	O75925	3356	4.03483e-01
Q15797	Q8IU81	3357	4.03483e-01
Q96GM8	P04637	3358	4.03483e-01
Q13501	Q96GM8	3358	4.03483e-01
Q7Z3T8	P62136	3360	4.03483e-01
Q7Z3T8	Q9Y3C5	3364	4.03483e-01
Q9Y4K3	O00231	3366	4.03483e-01
O00231	P04637	3366	4.03483e-01
O00231	P84022	3367	4.03483e-01
O00231	Q13485	3368	4.03483e-01
O00231	Q15796	3369	4.03483e-01
O95551	P12757	3371	4.03483e-01
Q9Y4K3	P35998	3374	4.03483e-01
P35998	P12757	3374	4.03483e-01
Q9Y4K3	P84090	3375	4.03483e-01
Q9Y4K3	O94972	3376	4.03483e-01
O94972	Q01844	3376	4.03483e-01
Q9Y4K3	P48556	3377	4.03483e-01
P48556	Q15796	3377	4.03483e-01
P50502	Q15796	3378	4.03483e-01
Q9Y4K3	P50502	3378	4.03483e-01
Q15326	Q15796	3381	4.03483e-01
Q9Y4K3	Q15326	3381	4.03483e-01
Q9Y4K3	P30084	3382	4.03483e-01
Q9Y4K3	P60228	3383	4.03483e-01
P60228	Q9HAU4	3383	4.03483e-01
Q9BUZ4	Q9HAU4	3384	4.03483e-01
Q9Y4K3	Q9BUZ4	3384	4.03483e-01
P62714	P11233	3430	4.03483e-01
P62714	P19429	3431	4.03483e-01
P67775	P19429	3436	4.03483e-01
Q99717	Q13485	3443	4.03483e-01
Q9HCE7	Q99717	3443	4.03483e-01
Q9HCE7	Q9Y3C5	3444	4.03483e-01
Q9NP97	Q07817	3445	4.03483e-01
Q07817	P04637	3445	4.03483e-01
P05106	P12931	3466	4.02423e-01
P05106	P46108	3470	4.02423e-01
P05106	P56945	3472	4.02423e-01
P05556	P12931	3473	4.02423e-01
P05556	P17612	3477	4.02423e-01
P22612	P15336	3481	4.02423e-01
P05556	P22612	3481	4.02423e-01
P22612	P18847	3482	4.02423e-01
P22612	Q09472	3483	4.02423e-01
P22612	Q92793	3484	4.02423e-01
P05556	P22694	3485	4.02423e-01
P22694	P15336	3485	4.02423e-01
P22694	P18847	3486	4.02423e-01
P22694	Q09472	3487	4.02423e-01
P22694	Q92793	3488	4.02423e-01
P05556	P27986	3489	4.02423e-01
P05556	P29350	3493	4.02423e-01
P05556	P42336	3494	4.02423e-01
P05556	P46108	3495	4.02423e-01
P05556	P51817	3497	4.02423e-01
P51817	P15336	3497	4.02423e-01
P51817	P18847	3498	4.02423e-01
P51817	P35222	3499	4.02423e-01
P51817	Q09472	3500	4.02423e-01
P51817	Q92793	3501	4.02423e-01
P05556	P56945	3502	4.02423e-01
P37173	P30154	3503	4.02423e-01
P63104	P12956	3504	3.97433e-01
P12956	P01106	3504	3.97433e-01
P12956	P10275	3505	3.97433e-01
Q13418	Q13153	3506	3.89508e-01
P98170	P31751	3507	3.89508e-01
P06493	P19525	3513	3.89508e-01
P45984	P35222	3514	3.89508e-01
P31751	P03372	3515	3.89508e-01
P16885	Q96KM6	3530	3.85893e-01
Q96KM6	Q13118	3530	3.85893e-01
Q5VTD9	P38398	3531	3.85893e-01
Q9NP98	Q9HAU4	3532	3.85893e-01
O43707	Q9NP98	3532	3.85893e-01
Q8WZ42	Q9HAU4	3533	3.85893e-01
P21333	Q8WZ42	3533	3.85893e-01
P31946	P30304	3534	3.85893e-01
P31946	O00273	3535	3.85893e-01
P31946	P55196	3536	3.85893e-01
P31946	P18583	3537	3.85893e-01
P18583	Q8TAD8	3537	3.85893e-01
P31946	Q92934	3538	3.85893e-01
O75807	Q96KM6	3541	3.85893e-01
Q15038	Q9H0M0	3546	3.85893e-01
O95405	Q15038	3546	3.85893e-01
Q15038	Q9HAU4	3547	3.85893e-01
Q8N0X7	Q9HAU4	3548	3.85893e-01
O95405	Q8N0X7	3548	3.85893e-01
Q9Y3C5	Q9H0M0	3549	3.85893e-01
Q99717	Q9H0M0	3563	3.85893e-01
Q99717	Q9HAU4	3564	3.85893e-01
Q99547	P04637	3566	3.85893e-01
Q9NP97	Q99547	3566	3.85893e-01
Q9NPC6	Q01844	3567	3.80107e-01
O43707	Q9NPC6	3567	3.80107e-01
P12956	O15105	3568	3.80107e-01
P12956	P12757	3569	3.80107e-01
P12956	P84022	3570	3.80107e-01
Q96KB5	P04637	3571	3.72349e-01
P06493	Q96KB5	3571	3.72349e-01
P01111	Q04771	3572	3.70359e-01
P06756	P01111	3574	3.70359e-01
P12931	P14921	3576	3.70359e-01
P29353	P63010	3580	3.70359e-01
P05106	Q06124	3582	3.70359e-01
Q06124	O15111	3582	3.70359e-01
Q06124	P00533	3589	3.70359e-01
Q06124	P04626	3592	3.70359e-01
Q06124	P12931	3594	3.70359e-01
Q06124	P22681	3598	3.70359e-01
Q06124	P27986	3600	3.70359e-01
Q06124	P29353	3604	3.70359e-01
Q06124	P34932	3605	3.70359e-01
Q06124	P08069	3606	3.70359e-01
Q06124	P08581	3607	3.70359e-01
Q06124	P40189	3608	3.70359e-01
Q06124	P40763	3609	3.70359e-01
Q06124	P42229	3619	3.70359e-01
Q06124	P46940	3621	3.70359e-01
Q06124	P49023	3622	3.70359e-01
Q06124	P51692	3624	3.70359e-01
Q06124	P62993	3626	3.70359e-01
Q06124	Q03135	3630	3.70359e-01
Q06124	Q13191	3631	3.70359e-01
O14543	Q14186	3632	3.70359e-01
Q06124	O14543	3632	3.70359e-01
Q06124	Q15303	3634	3.70359e-01
Q06124	Q16620	3636	3.70359e-01
Q06124	P16471	3637	3.70359e-01
Q06124	Q99683	3638	3.70359e-01
P07948	P0CG47	3682	3.70359e-01
P13612	P63104	3685	3.70359e-01
P17301	Q14192	3694	3.70359e-01
P63244	Q05655	3700	3.70359e-01
O00238	O15264	3702	3.70359e-01
O00238	P27361	3712	3.70359e-01
O00238	P28482	3727	3.70359e-01
O00238	P53778	3742	3.70359e-01
O15198	Q13485	3743	3.70359e-01
O00238	O15198	3743	3.70359e-01
O00238	Q13501	3753	3.70359e-01
O00238	Q15759	3756	3.70359e-01
O00238	Q15797	3767	3.70359e-01
O00238	Q16539	3771	3.70359e-01
O00238	Q99717	3785	3.70359e-01
O00459	P01111	3786	3.70359e-01
P15153	Q13485	3789	3.70359e-01
O00459	P15153	3789	3.70359e-01
P36897	O00743	3790	3.70359e-01
O00743	O43318	3790	3.70359e-01
O14544	O60674	3793	3.70359e-01
O14544	P40763	3795	3.70359e-01
O14544	P42224	3805	3.70359e-01
O14544	P42229	3812	3.70359e-01
O14544	P51692	3814	3.70359e-01
O14920	O00141	3816	3.70359e-01
O14920	O15111	3819	3.70359e-01
O14920	P09874	3826	3.70359e-01
O60477	P10275	3827	3.70359e-01
O14920	O60477	3827	3.70359e-01
O14920	P07900	3828	3.70359e-01
O14920	P08107	3829	3.70359e-01
O14920	P08238	3830	3.70359e-01
O14920	P11021	3832	3.70359e-01
O14920	P11142	3834	3.70359e-01
O14920	P12931	3836	3.70359e-01
O14920	P19525	3840	3.70359e-01
O14920	P19838	3841	3.70359e-01
O14920	P21333	3849	3.70359e-01
O14920	P31946	3850	3.70359e-01
O14920	P34931	3852	3.70359e-01
O14920	O15360	3853	3.70359e-01
O14920	P38646	3854	3.70359e-01
O14920	P46940	3855	3.70359e-01
O14920	Q04206	3856	3.70359e-01
O14920	Q04864	3863	3.70359e-01
Q04864	P10275	3863	3.70359e-01
O14920	Q13077	3864	3.70359e-01
O14920	Q13501	3865	3.70359e-01
O14920	P25963	3866	3.70359e-01
O14920	Q14164	3869	3.70359e-01
O14920	Q16543	3870	3.70359e-01
Q8N163	P01106	3871	3.70359e-01
O14920	Q8N163	3871	3.70359e-01
Q92922	P01106	3872	3.70359e-01
O14920	Q92922	3872	3.70359e-01
Q92922	P10275	3873	3.70359e-01
Q92922	Q15788	3874	3.70359e-01
O14920	Q9H467	3875	3.70359e-01
O14920	Q9Y6K9	3876	3.70359e-01
O14920	Q9Y6Q9	3878	3.70359e-01
P0CG47	P00533	3881	3.70359e-01
P0CG47	P0CG48	3884	3.70359e-01
P0CG47	P22681	3888	3.70359e-01
P0CG47	P27986	3890	3.70359e-01
P0CG47	P29353	3894	3.70359e-01
P0CG47	P62837	3895	3.70359e-01
P0CG47	P62979	3897	3.70359e-01
P0CG47	P62987	3899	3.70359e-01
P0CG47	P62993	3901	3.70359e-01
P0CG47	P63104	3905	3.70359e-01
P0CG47	Q13191	3913	3.70359e-01
P0CG47	P25963	3914	3.70359e-01
Q16236	P05412	3916	3.70359e-01
P0CG47	Q16236	3916	3.70359e-01
Q96PM5	P04637	3917	3.70359e-01
P0CG47	Q96PM5	3917	3.70359e-01
Q96PM5	P10275	3918	3.70359e-01
P0CG47	Q9BXL7	3919	3.70359e-01
Q9BXL7	Q92905	3919	3.70359e-01
P0CG47	P12004	3920	3.70359e-01
P0CG47	Q9NVI1	3921	3.70359e-01
P0CG47	Q9Y4K3	3922	3.70359e-01
P0CG47	Q9Y6K9	3923	3.70359e-01
P11802	P24385	3925	3.70359e-01
P24385	P06400	3925	3.70359e-01
P24385	P10275	3926	3.70359e-01
P24385	P28749	3927	3.70359e-01
P24385	Q08999	3928	3.70359e-01
P24385	Q13547	3929	3.70359e-01
P11802	P30279	3930	3.70359e-01
P30279	P06400	3930	3.70359e-01
P30279	P28749	3931	3.70359e-01
P30279	Q08999	3932	3.70359e-01
P11802	P30281	3933	3.70359e-01
P30281	P06400	3933	3.70359e-01
P30281	P10275	3934	3.70359e-01
P30281	P28749	3935	3.70359e-01
P30281	Q08999	3936	3.70359e-01
P11802	P57678	3937	3.70359e-01
P11802	P62136	3938	3.70359e-01
P11802	Q14683	3942	3.70359e-01
Q14683	P38398	3942	3.70359e-01
Q14683	P49711	3943	3.70359e-01
P11802	Q16543	3944	3.70359e-01
P11802	Q96T76	3945	3.70359e-01
P11802	Q9P1U1	3946	3.70359e-01
Q9P1U1	P28749	3946	3.70359e-01
P36897	P15882	3947	3.70359e-01
P15882	P04626	3947	3.70359e-01
P36897	O94921	3948	3.70359e-01
O94921	P27348	3948	3.70359e-01
O94921	P30281	3950	3.70359e-01
O94921	P31946	3954	3.70359e-01
O94921	P38936	3956	3.70359e-01
O94921	P62258	3958	3.70359e-01
O94921	Q04917	3961	3.70359e-01
P36897	P16520	3964	3.70359e-01
P16520	P27361	3964	3.70359e-01
P36897	P10114	3965	3.70359e-01
P10114	P27986	3965	3.70359e-01
P16520	P28482	3983	3.70359e-01
P19784	P51610	3998	3.70359e-01
P19784	P25963	3999	3.70359e-01
P27986	P01111	4001	3.70359e-01
P27986	P15153	4004	3.70359e-01
P27986	P84095	4005	3.70359e-01
P37023	P10600	4009	3.70359e-01
P48454	P30260	4011	3.70359e-01
P36897	P48454	4011	3.70359e-01
P48454	Q13042	4014	3.70359e-01
Q13042	P12757	4014	3.70359e-01
Q13042	P84022	4015	3.70359e-01
Q13042	Q15796	4016	3.70359e-01
P48454	Q13469	4017	3.70359e-01
Q13469	P01100	4017	3.70359e-01
Q13469	P05412	4018	3.70359e-01
P48454	Q53ET0	4019	3.70359e-01
P52757	P21860	4021	3.70359e-01
P36897	P52757	4021	3.70359e-01
P62826	O14980	4023	3.70359e-01
P62826	Q14974	4025	3.70359e-01
P62826	P46527	4026	3.70359e-01
P36897	P62879	4027	3.70359e-01
P62879	P27361	4027	3.70359e-01
P62879	P28482	4042	3.70359e-01
P62879	Q14164	4057	3.70359e-01
P62879	Q99759	4058	3.70359e-01
P62879	Q9Y4K3	4059	3.70359e-01
P62879	Q9Y572	4060	3.70359e-01
P62979	P0CG47	4061	3.70359e-01
P62979	P0CG48	4062	3.70359e-01
P62979	P62837	4066	3.70359e-01
P62979	P62987	4068	3.70359e-01
P62979	Q13501	4070	3.70359e-01
P62979	P25963	4071	3.70359e-01
P62979	Q16236	4074	3.70359e-01
P62979	Q96PM5	4075	3.70359e-01
P62979	Q99759	4077	3.70359e-01
P62979	Q9BXL7	4078	3.70359e-01
P62979	P12004	4079	3.70359e-01
P62979	Q9NVI1	4080	3.70359e-01
P62979	Q9Y4K3	4081	3.70359e-01
P62987	P0CG47	4082	3.70359e-01
P62987	P0CG48	4083	3.70359e-01
P62987	P62837	4087	3.70359e-01
P62987	P62979	4089	3.70359e-01
P62987	P25963	4090	3.70359e-01
P62987	Q16236	4092	3.70359e-01
P62987	Q96PM5	4093	3.70359e-01
P62987	Q99759	4095	3.70359e-01
P62987	Q9BXL7	4096	3.70359e-01
P62987	P12004	4097	3.70359e-01
P62987	Q9NVI1	4098	3.70359e-01
P63010	Q04771	4099	3.70359e-01
P63010	Q9HCE7	4101	3.70359e-01
O75582	P15336	4106	3.70359e-01
P63104	O75582	4106	3.70359e-01
P51532	P01106	4108	3.70359e-01
P63104	P51532	4108	3.70359e-01
P51532	P03372	4109	3.70359e-01
P51532	P06400	4110	3.70359e-01
P51532	Q13547	4111	3.70359e-01
P68363	P12755	4112	3.70359e-01
P63104	P68363	4112	3.70359e-01
P30291	P84022	4113	3.70359e-01
P63104	P30291	4113	3.70359e-01
Q02790	Q9HAU4	4114	3.70359e-01
P63104	Q9Y3M2	4115	3.70359e-01
Q9Y3M2	P35222	4115	3.70359e-01
P63151	P04049	4116	3.70359e-01
P84095	O15264	4117	3.70359e-01
P84095	P27361	4127	3.70359e-01
P84095	P28482	4142	3.70359e-01
P84095	P45983	4157	3.70359e-01
P84095	P45984	4169	3.70359e-01
P84095	P53778	4180	3.70359e-01
P84095	P53779	4190	3.70359e-01
P84095	Q15759	4201	3.70359e-01
P84095	Q16539	4212	3.70359e-01
P98170	O43353	4226	3.70359e-01
O43353	Q13485	4226	3.70359e-01
Q00534	P24385	4227	3.70359e-01
Q00534	P30279	4232	3.70359e-01
Q00534	P30281	4235	3.70359e-01
Q00537	P61981	4239	3.70359e-01
P36897	Q00537	4239	3.70359e-01
P36897	O43172	4240	3.70359e-01
O75554	Q01844	4240	3.70359e-01
O43172	O75554	4240	3.70359e-01
P36897	P48059	4241	3.70359e-01
P48059	Q13418	4241	3.70359e-01
Q00537	P63104	4245	3.70359e-01
Q04771	O15264	4253	3.70359e-01
Q04771	P27361	4263	3.70359e-01
Q04771	P28482	4278	3.70359e-01
Q04771	P53778	4293	3.70359e-01
Q04771	O15198	4294	3.70359e-01
Q04771	Q13501	4304	3.70359e-01
Q04771	Q15759	4307	3.70359e-01
Q04771	Q15797	4318	3.70359e-01
Q04771	Q16539	4322	3.70359e-01
Q04771	Q99717	4336	3.70359e-01
Q08881	P04626	4337	3.70359e-01
Q08881	P21860	4339	3.70359e-01
Q08881	P52292	4341	3.70359e-01
P52292	P38398	4341	3.70359e-01
Q08881	P61978	4342	3.70359e-01
Q08881	P62993	4343	3.70359e-01
Q13153	P00533	4347	3.70359e-01
Q13153	P04049	4350	3.70359e-01
Q13153	P21127	4351	3.70359e-01
P21127	P10275	4351	3.70359e-01
Q13153	P21333	4352	3.70359e-01
Q13153	P29466	4353	3.70359e-01
P29466	P10275	4353	3.70359e-01
Q13153	P62993	4354	3.70359e-01
Q13153	P78545	4358	3.70359e-01
Q13153	Q13363	4359	3.70359e-01
Q13363	P37275	4359	3.70359e-01
Q13363	P38398	4360	3.70359e-01
Q13363	Q13547	4361	3.70359e-01
Q13363	Q15583	4362	3.70359e-01
Q13153	Q14164	4363	3.70359e-01
Q13153	P84243	4364	3.70359e-01
P84243	Q9H160	4364	3.70359e-01
Q13153	Q9H1R3	4365	3.70359e-01
Q9H1R3	Q06413	4365	3.70359e-01
Q13153	Q9Y6Q9	4366	3.70359e-01
Q13501	O00238	4369	3.70359e-01
Q15797	Q9H160	4371	3.70359e-01
Q16625	P48729	4372	3.70359e-01
Q16625	P49674	4373	3.70359e-01
Q6SA08	P16220	4376	3.70359e-01
Q86SG6	P00519	4381	3.70359e-01
P36897	Q86SG6	4381	3.70359e-01
Q86SG6	P06241	4389	3.70359e-01
Q86SG6	P16333	4392	3.70359e-01
P16333	O75593	4392	3.70359e-01
P16333	P08047	4393	3.70359e-01
P16333	P38398	4394	3.70359e-01
P16333	P98082	4395	3.70359e-01
Q86SG6	P62993	4396	3.70359e-01
Q8TAI7	P42345	4400	3.70359e-01
P62877	P84022	4401	3.70359e-01
Q93034	P62877	4401	3.70359e-01
Q99942	P0CG47	4402	3.70359e-01
P36897	Q99942	4402	3.70359e-01
Q99942	P0CG48	4403	3.70359e-01
Q99942	P61077	4407	3.70359e-01
Q99942	P62837	4409	3.70359e-01
Q99942	P62979	4411	3.70359e-01
Q99942	P62987	4413	3.70359e-01
P36897	Q9BQI3	4415	3.70359e-01
Q9BQI3	O15264	4415	3.70359e-01
Q9BQI3	P46734	4425	3.70359e-01
Q9BQI3	P52564	4426	3.70359e-01
Q9BQI3	P53778	4427	3.70359e-01
Q9BQI3	P25963	4428	3.70359e-01
Q9BQI3	Q15759	4438	3.70359e-01
Q9BQI3	Q16539	4449	3.70359e-01
Q9BQI3	Q16543	4463	3.70359e-01
P10914	Q92793	4464	3.70359e-01
Q9BQI3	P10914	4464	3.70359e-01
Q9NZC7	O15350	4465	3.70359e-01
Q9C0J8	Q9NZC7	4465	3.70359e-01
Q9NZC7	P04637	4466	3.70359e-01
P36897	Q9GZS3	4467	3.70359e-01
Q9GZS3	P63104	4467	3.70359e-01
Q9GZS3	Q9Y572	4475	3.70359e-01
Q9HC98	P33993	4476	3.70359e-01
P63167	P28749	4478	3.70359e-01
Q9HC98	P63167	4478	3.70359e-01
Q9HC98	Q13526	4479	3.70359e-01
Q9HC98	Q16543	4483	3.70359e-01
Q9HC98	Q8N163	4484	3.70359e-01
Q9HC98	Q8N1F7	4485	3.70359e-01
Q93008	Q13485	4486	3.70359e-01
Q9HC98	Q93008	4486	3.70359e-01
Q9HC98	Q9NVI1	4487	3.70359e-01
Q9HC98	Q9Y230	4488	3.70359e-01
P36897	Q9NW38	4491	3.70359e-01
Q9NW38	O15360	4491	3.70359e-01
P36897	Q6P3X3	4492	3.70359e-01
Q6P3X3	Q9Y5J5	4492	3.70359e-01
Q9NW38	Q9BXW9	4493	3.70359e-01
Q9NW38	Q9NVI1	4494	3.70359e-01
Q9NYS0	P25963	4495	3.70359e-01
Q9UJX4	P06493	4496	3.70359e-01
Q9UJX4	P30260	4499	3.70359e-01
Q9UJX4	Q13042	4502	3.70359e-01
Q9UM11	P12757	4505	3.70359e-01
Q9UJX4	Q9UM11	4505	3.70359e-01
Q9UNE7	P08238	4506	3.70359e-01
Q9UNE7	P11142	4507	3.70359e-01
Q9UNE7	P19838	4509	3.70359e-01
Q9UNE7	Q15797	4517	3.70359e-01
Q9UNE7	Q12933	4518	3.70359e-01
Q9UNE7	Q99558	4522	3.70359e-01
Q9UNE7	Q99759	4523	3.70359e-01
Q9Y4K3	O43187	4524	3.70359e-01
O43187	Q15796	4524	3.70359e-01
Q08117	P10275	4528	3.70359e-01
Q9Y6J8	Q08117	4528	3.70359e-01
P36897	Q9Y6J8	4528	3.70359e-01
Q9Y6J8	Q14683	4529	3.70359e-01
P06493	P24385	4535	3.70359e-01
Q96KB5	Q13485	4540	3.70359e-01
Q9HCE7	P0CG47	4559	3.70359e-01
Q9HCE7	P17480	4560	3.70359e-01
P17480	P06400	4560	3.70359e-01
Q9HCE7	P19784	4561	3.70359e-01
Q9HCE7	P62979	4562	3.70359e-01
Q9HCE7	P62987	4564	3.70359e-01
Q9HCE7	Q13153	4566	3.70359e-01
Q9HCE7	Q15459	4567	3.70359e-01
Q9HCE7	Q9UNE7	4569	3.70359e-01
P06756	P01112	4574	3.69420e-01
P06756	P01116	4575	3.69420e-01
Q05397	P27361	4576	3.69420e-01
Q05397	P28482	4591	3.69420e-01
P19320	P27986	4608	3.69420e-01
P05556	P19320	4608	3.69420e-01
P19320	P42336	4612	3.69420e-01
O00459	P01112	4643	3.69420e-01
P14672	Q9UER7	4644	3.69420e-01
O00459	P14672	4644	3.69420e-01
P27986	P01112	4645	3.69420e-01
P27986	P14672	4646	3.69420e-01
P61586	P49023	4647	3.69420e-01
P61586	P56945	4649	3.69420e-01
P61586	Q05397	4650	3.69420e-01
Q03135	P01112	4651	3.69420e-01
P27361	P10275	4660	3.69420e-01
P28482	P10275	4661	3.69420e-01
P00519	P01106	4670	3.69420e-01
O60341	P10275	4683	3.69420e-01
O95863	O60341	4683	3.69420e-01
O60341	Q13547	4684	3.69420e-01
P18146	P04637	4685	3.69420e-01
O95863	P18146	4685	3.69420e-01
P18146	P08047	4686	3.69420e-01
P18146	Q09472	4687	3.69420e-01
O95863	P12830	4688	3.69420e-01
O95863	P49841	4689	3.69420e-01
O95863	Q04206	4695	3.69420e-01
Q9NRM7	Q9GZV5	4702	3.69420e-01
O95863	Q9NRM7	4702	3.69420e-01
O95863	Q9Y297	4703	3.69420e-01
P0CG47	P01106	4753	3.65836e-01
P62979	P01106	4754	3.65836e-01
P62987	P01106	4755	3.65836e-01
P62714	P45983	4763	3.59805e-01
P62714	P45984	4775	3.59805e-01
P67775	P45983	4786	3.59805e-01
P67775	P45984	4798	3.59805e-01
P67775	P49841	4809	3.59805e-01
Q08881	Q09472	4817	3.57606e-01
P37173	O43541	4818	3.56291e-01
Q03135	P11021	4819	3.56137e-01
O43294	Q13485	4821	3.54213e-01
Q06124	P13987	4822	3.54213e-01
P31946	P35232	4825	3.54213e-01
P35232	P04637	4825	3.54213e-01
P35232	P06400	4826	3.54213e-01
P35232	P28749	4827	3.54213e-01
P31946	P56524	4828	3.54213e-01
P31946	P30291	4829	3.54213e-01
Q13309	P01106	4833	3.54213e-01
P31946	Q13309	4833	3.54213e-01
Q13309	P06400	4834	3.54213e-01
P21359	P62070	4836	3.54213e-01
P62070	P84022	4836	3.54213e-01
P21359	P01111	4837	3.54213e-01
P62070	Q13485	4839	3.54213e-01
P62070	Q9HAU4	4840	3.54213e-01
P21359	Q02556	4841	3.54213e-01
Q02556	Q9HAU4	4841	3.54213e-01
O15198	O60315	4842	3.54213e-01
O15198	Q15796	4843	3.54213e-01
Q9UJY5	P84022	4854	3.54213e-01
P0CG47	Q9UJY5	4854	3.54213e-01
P0CG47	Q9Y3C5	4855	3.54213e-01
P19784	P67870	4857	3.54213e-01
P48059	O60711	4858	3.54213e-01
O60711	P10275	4858	3.54213e-01
Q99708	P06400	4859	3.54213e-01
P48059	Q99708	4859	3.54213e-01
Q99708	Q08999	4860	3.54213e-01
P48454	Q92934	4861	3.54213e-01
P48454	Q9UJX6	4862	3.54213e-01
Q9UJX6	Q15796	4862	3.54213e-01
P49703	Q04724	4863	3.54213e-01
Q04724	Q01196	4863	3.54213e-01
Q04724	Q13761	4864	3.54213e-01
Q04724	Q9UJU2	4865	3.54213e-01
Q9Y675	P10275	4866	3.54213e-01
P49703	Q9Y675	4866	3.54213e-01
P62826	Q9HAV4	4868	3.54213e-01
Q9HAV4	Q13485	4868	3.54213e-01
P62979	Q9Y3C5	4870	3.54213e-01
P62987	Q9Y3C5	4871	3.54213e-01
Q13153	Q92934	4884	3.54213e-01
P36897	Q15669	4886	3.54213e-01
Q15669	Q969H4	4886	3.54213e-01
Q969T4	Q7Z6Z7	4887	3.54213e-01
P36897	Q969T4	4887	3.54213e-01
Q7Z6Z7	P01106	4887	3.54213e-01
Q9BX70	P04406	4889	3.54213e-01
Q9BX70	Q04724	4890	3.54213e-01
O95251	P10275	4893	3.54213e-01
Q9C0J8	O95251	4893	3.54213e-01
Q9C0J8	Q05516	4894	3.54213e-01
Q05516	P29590	4894	3.54213e-01
Q05516	Q13547	4895	3.54213e-01
Q15910	P03372	4896	3.54213e-01
Q9GZS3	Q15910	4896	3.54213e-01
Q15910	P35222	4897	3.54213e-01
Q9HC98	Q9HAV4	4898	3.54213e-01
Q9Y5L0	Q9HAU4	4899	3.54213e-01
Q9HC98	Q9Y5L0	4899	3.54213e-01
Q9NWN3	P63208	4900	3.54213e-01
P63208	P84022	4900	3.54213e-01
Q9UJX4	Q05516	4901	3.54213e-01
Q9UJX4	Q9UJX6	4903	3.54213e-01
P36897	Q9UNK0	4907	3.54213e-01
Q9UNK0	O43889	4907	3.54213e-01
Q9Y6J8	P20929	4909	3.54213e-01
P20929	Q9HAU4	4909	3.54213e-01
Q9HCE7	Q16625	4911	3.54213e-01
Q9HCE7	Q93034	4912	3.54213e-01
P21359	P01112	4913	3.53314e-01
P21359	P01116	4914	3.53314e-01
P19174	P10275	4922	3.50664e-01
P19320	P31269	4923	3.50664e-01
P37173	P18146	4924	3.50664e-01
Q9C0J8	Q99873	4927	3.48902e-01
Q9UNE7	Q07666	4932	3.48902e-01
Q12841	P01137	4934	3.45226e-01
P37173	Q12841	4934	3.45226e-01
O14920	P53350	4939	3.41944e-01
P11802	P50613	4940	3.41944e-01
P50613	P10275	4940	3.41944e-01
Q13153	O95863	4941	3.41944e-01
Q13153	P31749	4942	3.41944e-01
Q13153	Q13233	4950	3.41944e-01
Q13153	Q13418	4951	3.41944e-01
Q13153	Q13976	4952	3.41944e-01
Q13976	P15336	4952	3.41944e-01
P01112	P30304	4955	3.41125e-01
P01112	P30305	4956	3.41125e-01
P49841	P05412	4957	3.41125e-01
Q9Y4K3	O00487	4965	3.41125e-01
O00487	Q92905	4965	3.41125e-01
P06493	Q9UQ80	4967	3.41125e-01
O95863	Q13153	4972	3.41077e-01
Q13625	O15350	4974	3.39036e-01
Q99708	P28749	4977	3.38771e-01
Q9Y675	P04637	4978	3.38771e-01
P62979	Q96KM6	4979	3.38771e-01
P62987	Q13571	4981	3.38771e-01
Q13571	Q9H0M0	4981	3.38771e-01
Q13571	Q9HAU4	4982	3.38771e-01
Q5T3J3	P18847	4984	3.38771e-01
Q15669	Q5T3J3	4984	3.38771e-01
Q5T3J3	Q15583	4985	3.38771e-01
Q969T4	P68104	4986	3.38771e-01
O95071	Q15796	4987	3.38771e-01
Q969T4	O95071	4987	3.38771e-01
P21673	P04637	4989	3.38771e-01
Q96F10	P21673	4989	3.38771e-01
P36897	Q96F10	4989	3.38771e-01
Q9BX70	Q96KM6	4990	3.38771e-01
P26641	P12757	4991	3.38771e-01
Q9C0J8	P26641	4991	3.38771e-01
P26641	Q9HAU4	4992	3.38771e-01
Q05516	P84022	4993	3.38771e-01
P11802	Q15047	4995	3.33691e-01
Q15047	P12757	4995	3.33691e-01
Q15047	Q8TAD8	4996	3.33691e-01
Q9BX70	Q15047	4997	3.33691e-01
Q9BX70	Q7L5N1	4999	3.33691e-01
Q7L5N1	O60315	4999	3.33691e-01
P26641	P55316	5000	3.33691e-01
P36897	Q9NVJ2	5001	3.33691e-01
O43261	P04637	5001	3.33691e-01
Q9NVJ2	O43261	5001	3.33691e-01
Q9BX70	O60383	5005	3.28688e-01
O60383	P55316	5005	3.28688e-01
Q9BX70	Q96ID5	5006	3.28688e-01
Q96ID5	P18847	5006	3.28688e-01
Q13347	P01106	5007	3.26606e-01
Q13501	P01106	5008	3.26606e-01
P06493	P01106	5009	3.26606e-01
P28340	P01106	5010	3.26606e-01
Q06124	P63010	5013	3.25134e-01
O00212	Q04771	5015	3.25134e-01
O00238	P11802	5017	3.25134e-01
O00238	P62826	5020	3.25134e-01
O00238	P62979	5021	3.25134e-01
O00238	P62987	5023	3.25134e-01
O00238	P67775	5025	3.25134e-01
O00238	Q13153	5030	3.25134e-01
O00238	Q9UNE7	5032	3.25134e-01
O14544	Q04771	5033	3.25134e-01
O14920	Q04771	5036	3.25134e-01
O94921	Q04771	5038	3.25134e-01
O94921	Q9HCE7	5040	3.25134e-01
P0CG47	P46527	5045	3.25134e-01
P0CG47	Q9HCE7	5048	3.25134e-01
P10114	Q04771	5053	3.25134e-01
P10114	Q15797	5055	3.25134e-01
P15882	Q04771	5059	3.25134e-01
P19784	Q9HCE7	5061	3.25134e-01
P20337	Q04771	5066	3.25134e-01
P20337	Q15797	5068	3.25134e-01
P48059	Q9HCE7	5072	3.25134e-01
P48454	Q9UJX4	5077	3.25134e-01
P49703	Q15797	5078	3.25134e-01
P49703	Q9HCE7	5082	3.25134e-01
P57729	Q15797	5087	3.25134e-01
P62826	Q15797	5091	3.25134e-01
P62979	Q04771	5097	3.25134e-01
P62979	Q15797	5099	3.25134e-01
P62979	Q9HCE7	5103	3.25134e-01
P62987	Q04771	5110	3.25134e-01
P62987	Q15797	5112	3.25134e-01
P62987	Q9HCE7	5116	3.25134e-01
P84095	Q15797	5121	3.25134e-01
Q04323	Q04771	5125	3.25134e-01
P36897	Q04323	5125	3.25134e-01
Q04323	Q15797	5127	3.25134e-01
Q04323	Q9HCE7	5131	3.25134e-01
Q04771	O14920	5136	3.25134e-01
Q04771	P62979	5141	3.25134e-01
Q04771	P62987	5143	3.25134e-01
Q04771	Q02790	5145	3.25134e-01
Q04771	Q13153	5146	3.25134e-01
Q13153	P52565	5148	3.25134e-01
P52565	Q01844	5148	3.25134e-01
Q13153	Q04771	5149	3.25134e-01
Q13153	Q15052	5151	3.25134e-01
Q13153	Q15797	5153	3.25134e-01
Q13153	Q9HCE7	5157	3.25134e-01
Q15052	Q15797	5162	3.25134e-01
Q16625	Q9HCE7	5166	3.25134e-01
Q6P3X3	Q04771	5171	3.25134e-01
Q86SG6	Q04771	5173	3.25134e-01
Q8TAI7	Q04771	5175	3.25134e-01
Q8TAI7	Q15797	5177	3.25134e-01
Q93034	Q9HCE7	5181	3.25134e-01
Q969T4	Q04771	5186	3.25134e-01
Q96D21	Q04771	5188	3.25134e-01
Q96D21	Q15797	5190	3.25134e-01
Q96D21	Q9HCE7	5194	3.25134e-01
Q9BX70	Q15797	5202	3.25134e-01
Q9GZS3	Q04771	5206	3.25134e-01
Q9GZS3	Q9HCE7	5208	3.25134e-01
P36897	Q9H082	5213	3.25134e-01
Q9H082	Q04771	5213	3.25134e-01
O95747	Q9HCE7	5214	3.25134e-01
P36897	O95747	5214	3.25134e-01
Q00532	Q9HCE7	5219	3.25134e-01
P36897	Q00532	5219	3.25134e-01
P36897	Q9BST9	5224	3.25134e-01
Q9BST9	Q9HCE7	5224	3.25134e-01
Q9H4E5	Q04771	5230	3.25134e-01
Q9HC98	P30291	5232	3.25134e-01
P36897	Q9HCU5	5233	3.25134e-01
Q9HCU5	Q15797	5233	3.25134e-01
Q9NW38	Q04771	5237	3.25134e-01
P36897	Q9NW61	5239	3.25134e-01
Q9NW61	Q04771	5239	3.25134e-01
P36897	Q9NXK8	5241	3.25134e-01
Q9NXK8	Q15797	5241	3.25134e-01
Q9NYN1	Q04771	5245	3.25134e-01
Q9NYN1	Q15797	5247	3.25134e-01
Q9NYS0	Q04771	5251	3.25134e-01
P36897	Q9UF11	5253	3.25134e-01
Q9UF11	Q04771	5253	3.25134e-01
Q9UF11	Q15797	5255	3.25134e-01
Q9UII6	Q04771	5259	3.25134e-01
P36897	Q9UII6	5259	3.25134e-01
Q9UII6	Q9HCE7	5261	3.25134e-01
Q9UJX4	Q9HCE7	5266	3.25134e-01
Q9UNE7	Q9HCE7	5272	3.25134e-01
Q9UNK0	Q04771	5277	3.25134e-01
P67775	O00238	5279	3.25134e-01
O75995	O15105	5280	3.25134e-01
Q9HCE7	O75995	5280	3.25134e-01
O75995	Q13485	5281	3.25134e-01
Q9HCE7	P30291	5283	3.25134e-01
Q9HCE7	O43353	5284	3.25134e-01
Q9HCE7	P63010	5287	3.25134e-01
Q9HCE7	O43187	5288	3.25134e-01
O60508	Q15796	5289	3.25134e-01
Q9HCE7	O60508	5289	3.25134e-01
Q9HCE7	P49703	5290	3.25134e-01
Q8TB52	Q13485	5294	3.25134e-01
Q9HCE7	Q8TB52	5294	3.25134e-01
Q9HCE7	Q92870	5295	3.25134e-01
Q92870	Q13485	5295	3.25134e-01
Q92963	P84022	5296	3.25134e-01
Q9HCE7	Q92963	5296	3.25134e-01
Q92963	Q15796	5297	3.25134e-01
Q9HCE7	Q96D21	5298	3.25134e-01
Q08170	Q9HAU4	5299	3.25134e-01
Q9HCE7	Q08170	5299	3.25134e-01
Q9NQ69	Q15796	5303	3.25134e-01
Q9HCE7	Q9NQ69	5303	3.25134e-01
Q9HCE7	Q9UJX4	5304	3.25134e-01
Q9Y3E1	Q9HAU4	5305	3.25134e-01
Q9HCE7	Q9Y3E1	5305	3.25134e-01
Q06124	P27361	5306	3.24309e-01
Q06124	P28482	5321	3.24309e-01
P07948	P14859	5347	3.23746e-01
P14859	P08047	5347	3.23746e-01
P14859	P10275	5348	3.23746e-01
P32519	P06400	5349	3.23746e-01
P07948	P32519	5349	3.23746e-01
P78545	P27797	5350	3.23746e-01
P78545	Q13153	5351	3.23746e-01
P19174	P17844	5356	3.19894e-01
P29353	P03372	5357	3.19894e-01
P29353	P08047	5358	3.19894e-01
Q05397	Q15788	5359	3.19894e-01
Q9Y490	Q01844	5360	3.19894e-01
P07948	P35222	5361	3.19894e-01
P21333	P38398	5362	3.19894e-01
P63244	P06400	5363	3.19894e-01
P63244	Q92905	5364	3.19894e-01
Q14192	P35222	5366	3.19894e-01
Q03167	Q9UER7	5367	3.19894e-01
P36873	P04637	5370	3.19894e-01
P36873	P06400	5371	3.19894e-01
P37023	P84022	5372	3.19894e-01
P37023	Q13485	5373	3.19894e-01
P37023	Q15796	5374	3.19894e-01
P63104	Q06413	5375	3.19894e-01
P63104	Q92905	5376	3.19894e-01
P37173	O43294	5378	3.19894e-01
P06493	P38398	5380	3.19894e-01
P06493	P98082	5381	3.19894e-01
P28340	Q15788	5382	3.19894e-01
P37173	P36896	5385	3.19894e-01
P67775	P04637	5390	3.19894e-01
P67775	P35222	5391	3.19894e-01
Q8NER5	P84022	5393	3.19894e-01
P37173	Q8NER5	5393	3.19894e-01
Q8NER5	Q15796	5394	3.19894e-01
Q9HCE7	Q13950	5395	3.19894e-01
Q04323	P0CG48	5396	3.18167e-01
P18827	P27361	5400	3.17928e-01
P34741	P18827	5400	3.17928e-01
P18827	P28482	5415	3.17928e-01
P11274	P22681	5438	3.16406e-01
P11274	P29353	5440	3.16406e-01
P36402	P35222	5441	3.16406e-01
P11274	P36402	5441	3.16406e-01
P11274	P46108	5442	3.16406e-01
P11274	P13569	5443	3.16406e-01
P11274	P62993	5447	3.16406e-01
P11274	Q13191	5451	3.16406e-01
P11274	Q96RT1	5453	3.16406e-01
Q9ULV8	P01106	5458	3.16406e-01
P11274	Q9ULV8	5458	3.16406e-01
Q9ULV8	P35222	5459	3.16406e-01
P26010	P21333	5460	3.16406e-01
O14924	P26010	5460	3.16406e-01
P26010	Q05397	5461	3.16406e-01
O00329	O15530	5462	3.16406e-01
P01111	O00329	5462	3.16406e-01
O00329	P00533	5466	3.16406e-01
O00329	P16333	5469	3.16406e-01
O00329	P27986	5473	3.16406e-01
O00329	P31749	5477	3.16406e-01
O00329	P31751	5485	3.16406e-01
O00329	P40763	5491	3.16406e-01
O00329	P42336	5501	3.16406e-01
O00329	P42345	5502	3.16406e-01
O00329	P49841	5503	3.16406e-01
O00329	P60763	5509	3.16406e-01
O00329	Q05397	5510	3.16406e-01
O00329	Q9Y243	5511	3.16406e-01
O14939	P00533	5516	3.16406e-01
P01111	O14939	5516	3.16406e-01
O14939	P18031	5519	3.16406e-01
O14939	P13569	5520	3.16406e-01
Q00535	P10275	5525	3.16406e-01
O14939	Q00535	5525	3.16406e-01
O15264	O75582	5526	3.16406e-01
O15264	P19838	5527	3.16406e-01
O15264	P30153	5535	3.16406e-01
O15264	P63151	5538	3.16406e-01
O15264	P67775	5540	3.16406e-01
O15264	Q00005	5545	3.16406e-01
O15264	Q04206	5547	3.16406e-01
O15264	Q13469	5554	3.16406e-01
O15264	Q8IW41	5556	3.16406e-01
Q8IW41	P04637	5556	3.16406e-01
O15264	P30154	5557	3.16406e-01
O15264	P62714	5558	3.16406e-01
Q66LE6	Q9GZV5	5559	3.16406e-01
O15264	Q66LE6	5559	3.16406e-01
Q9Y2T4	Q9GZV5	5560	3.16406e-01
O15264	Q9Y2T4	5560	3.16406e-01
P04049	O15264	5561	3.16406e-01
P04049	P15056	5571	3.16406e-01
P04049	P19838	5572	3.16406e-01
P04049	P27348	5580	3.16406e-01
P04049	P27361	5582	3.16406e-01
P04049	P28482	5597	3.16406e-01
P04049	P30304	5612	3.16406e-01
P04049	P31946	5613	3.16406e-01
P04049	P35232	5615	3.16406e-01
P04049	P23458	5616	3.16406e-01
P04049	P45983	5619	3.16406e-01
P04049	P45984	5631	3.16406e-01
P04049	P53778	5642	3.16406e-01
P04049	P53779	5652	3.16406e-01
P04049	P61981	5663	3.16406e-01
P04049	P62258	5667	3.16406e-01
P04049	P63104	5670	3.16406e-01
P04049	P67775	5678	3.16406e-01
P04049	P98170	5683	3.16406e-01
P04049	Q04206	5684	3.16406e-01
P04049	Q13233	5691	3.16406e-01
P04049	Q13362	5692	3.16406e-01
P04049	Q13526	5693	3.16406e-01
P04049	Q15759	5697	3.16406e-01
P04049	Q16539	5708	3.16406e-01
P04049	P16471	5709	3.16406e-01
Q99933	P10275	5723	3.16406e-01
P04049	Q99933	5723	3.16406e-01
P04049	Q9UQM7	5724	3.16406e-01
P10398	O15264	5726	3.16406e-01
P01111	P10398	5726	3.16406e-01
P10398	P27361	5736	3.16406e-01
P10398	P27986	5751	3.16406e-01
P10398	P28482	5755	3.16406e-01
P10398	P45983	5770	3.16406e-01
P10398	P45984	5782	3.16406e-01
P10398	P53778	5793	3.16406e-01
P10398	P53779	5803	3.16406e-01
P10398	P61981	5814	3.16406e-01
P10398	P63104	5818	3.16406e-01
P10398	Q15759	5826	3.16406e-01
P10398	Q16539	5837	3.16406e-01
P15056	O15264	5851	3.16406e-01
P15056	P04049	5861	3.16406e-01
P15056	P27348	5862	3.16406e-01
P15056	P27361	5864	3.16406e-01
P15056	P28482	5879	3.16406e-01
P15056	P31946	5894	3.16406e-01
P15056	P45983	5896	3.16406e-01
P15056	P45984	5908	3.16406e-01
P15056	P46940	5919	3.16406e-01
P15056	P53778	5920	3.16406e-01
P15056	P53779	5930	3.16406e-01
P15056	P61981	5941	3.16406e-01
P15056	P63104	5945	3.16406e-01
P15056	Q13233	5953	3.16406e-01
P15056	Q15759	5954	3.16406e-01
P15056	Q16539	5965	3.16406e-01
P01111	P19174	5979	3.16406e-01
P27361	P10415	6014	3.16406e-01
P27361	O75582	6015	3.16406e-01
P27361	P16220	6016	3.16406e-01
P27361	P18848	6021	3.16406e-01
P27361	P19793	6026	3.16406e-01
P27361	P19838	6028	3.16406e-01
P27361	P28482	6036	3.16406e-01
P08575	P35222	6037	3.16406e-01
P27361	P08575	6037	3.16406e-01
P23467	P35222	6038	3.16406e-01
P27361	P23467	6038	3.16406e-01
P27361	P23470	6039	3.16406e-01
P23470	P35222	6039	3.16406e-01
P27361	P40763	6054	3.16406e-01
P27361	P42224	6064	3.16406e-01
P27361	P46734	6071	3.16406e-01
P10828	P49711	6072	3.16406e-01
P27361	P10828	6072	3.16406e-01
P10828	Q15788	6073	3.16406e-01
P27361	P49815	6074	3.16406e-01
P27361	P62136	6076	3.16406e-01
P27361	Q03135	6080	3.16406e-01
P27361	Q04206	6081	3.16406e-01
P27361	O43889	6082	3.16406e-01
O75030	Q09472	6084	3.16406e-01
P27361	O75030	6084	3.16406e-01
O75030	Q9UJU2	6085	3.16406e-01
P27361	Q02930	6086	3.16406e-01
P27361	Q12913	6094	3.16406e-01
P27361	O15198	6095	3.16406e-01
P27361	Q13501	6096	3.16406e-01
P27361	Q14790	6099	3.16406e-01
P27361	Q15797	6100	3.16406e-01
P27361	Q16827	6104	3.16406e-01
Q16827	P35222	6104	3.16406e-01
P27361	Q68CJ9	6105	3.16406e-01
P27361	Q70SY1	6107	3.16406e-01
P27361	Q8TEY5	6109	3.16406e-01
P27361	Q96BA8	6111	3.16406e-01
P27361	Q99717	6113	3.16406e-01
P28482	P10415	6114	3.16406e-01
P28482	P15056	6115	3.16406e-01
P28482	O75582	6116	3.16406e-01
P28482	P16220	6117	3.16406e-01
P28482	P18146	6122	3.16406e-01
P28482	P18848	6125	3.16406e-01
P28482	P19838	6130	3.16406e-01
P28482	P24864	6138	3.16406e-01
P28482	P24941	6140	3.16406e-01
P28482	P27361	6147	3.16406e-01
P28482	P23467	6148	3.16406e-01
P28482	P40763	6163	3.16406e-01
P28482	P42224	6173	3.16406e-01
P42226	P14921	6180	3.16406e-01
P28482	P42226	6180	3.16406e-01
P28482	P10828	6181	3.16406e-01
P28482	P49815	6183	3.16406e-01
P28482	P62136	6185	3.16406e-01
P28482	Q03135	6189	3.16406e-01
P28482	Q04206	6190	3.16406e-01
P28482	O43889	6191	3.16406e-01
P28482	O75030	6193	3.16406e-01
P28482	Q02930	6195	3.16406e-01
P28482	Q12913	6203	3.16406e-01
P28482	Q13362	6204	3.16406e-01
P28482	O15198	6205	3.16406e-01
P28482	Q13501	6206	3.16406e-01
P28482	Q14790	6209	3.16406e-01
P28482	Q15797	6210	3.16406e-01
P28482	Q68CJ9	6214	3.16406e-01
P28482	Q70SY1	6216	3.16406e-01
P28482	Q8TEY5	6218	3.16406e-01
P28482	Q96BA8	6220	3.16406e-01
P28482	Q99717	6222	3.16406e-01
P28482	Q9UKE5	6223	3.16406e-01
P42336	O15530	6224	3.16406e-01
P42336	P00533	6228	3.16406e-01
P42336	P27986	6231	3.16406e-01
P42336	P31749	6235	3.16406e-01
P42336	P31751	6243	3.16406e-01
P42336	P40763	6249	3.16406e-01
P42336	P42345	6259	3.16406e-01
P42336	P49841	6260	3.16406e-01
P42336	P60763	6266	3.16406e-01
P42336	Q05397	6267	3.16406e-01
P42336	Q9Y243	6268	3.16406e-01
P42338	O15530	6273	3.16406e-01
P01111	P42338	6273	3.16406e-01
P42338	P00533	6277	3.16406e-01
P42338	P27348	6280	3.16406e-01
P42338	P27986	6282	3.16406e-01
P42338	P31749	6286	3.16406e-01
P42338	P31751	6294	3.16406e-01
P42338	P40763	6300	3.16406e-01
P42338	P42336	6310	3.16406e-01
P42338	P42345	6311	3.16406e-01
P42338	P49841	6312	3.16406e-01
P42338	P60763	6318	3.16406e-01
P42338	Q05397	6319	3.16406e-01
P42338	Q9Y243	6320	3.16406e-01
P48736	O15530	6325	3.16406e-01
P01111	P48736	6325	3.16406e-01
P48736	P00533	6329	3.16406e-01
P48736	P27986	6332	3.16406e-01
P48736	P31749	6336	3.16406e-01
P48736	P31751	6344	3.16406e-01
P48736	P40763	6350	3.16406e-01
P48736	P42336	6360	3.16406e-01
P48736	P42345	6361	3.16406e-01
P48736	P49841	6362	3.16406e-01
P48736	P60763	6368	3.16406e-01
P48736	Q05397	6369	3.16406e-01
P48736	Q9Y243	6370	3.16406e-01
P53778	O75582	6375	3.16406e-01
P53778	P19838	6376	3.16406e-01
P53778	P30153	6384	3.16406e-01
P53778	P63151	6387	3.16406e-01
P53778	P67775	6389	3.16406e-01
P53778	Q00005	6394	3.16406e-01
P53778	Q04206	6396	3.16406e-01
P53778	Q13469	6403	3.16406e-01
P53778	Q8IW41	6405	3.16406e-01
P53778	P30154	6406	3.16406e-01
P53778	P62714	6407	3.16406e-01
P53778	Q66LE6	6408	3.16406e-01
P53778	Q9Y2T4	6409	3.16406e-01
Q02750	P27361	6410	3.16406e-01
P01111	Q02750	6410	3.16406e-01
Q02750	P28482	6425	3.16406e-01
Q02750	P45983	6440	3.16406e-01
Q02750	P45984	6452	3.16406e-01
Q02750	P53779	6463	3.16406e-01
Q02750	Q16539	6474	3.16406e-01
Q13233	O15169	6488	3.16406e-01
Q13233	O14920	6489	3.16406e-01
Q13233	O15111	6494	3.16406e-01
Q13233	O15264	6505	3.16406e-01
Q13233	P04049	6515	3.16406e-01
Q13233	P0CG48	6516	3.16406e-01
Q13233	P07900	6517	3.16406e-01
Q13233	P08238	6518	3.16406e-01
Q13233	P11021	6522	3.16406e-01
Q13233	P11142	6524	3.16406e-01
Q13233	P15056	6526	3.16406e-01
Q13233	P19338	6527	3.16406e-01
Q13233	P19838	6528	3.16406e-01
Q13233	P21333	6536	3.16406e-01
Q13233	P29353	6537	3.16406e-01
Q13233	P34931	6538	3.16406e-01
Q13233	P38646	6539	3.16406e-01
Q13233	P45983	6540	3.16406e-01
Q13233	P45984	6552	3.16406e-01
Q13233	P46734	6563	3.16406e-01
Q13233	P52564	6564	3.16406e-01
Q13233	P53778	6565	3.16406e-01
Q13233	P53779	6575	3.16406e-01
Q13233	P56192	6586	3.16406e-01
Q13233	P57678	6587	3.16406e-01
Q13233	P62258	6588	3.16406e-01
Q13233	P62805	6591	3.16406e-01
Q13233	P62993	6594	3.16406e-01
Q13233	P63279	6598	3.16406e-01
P63279	P04637	6598	3.16406e-01
Q13233	P08670	6599	3.16406e-01
P63279	P10275	6600	3.16406e-01
P63279	Q13485	6601	3.16406e-01
Q13233	Q04206	6602	3.16406e-01
Q13233	P25963	6603	3.16406e-01
Q13233	Q15759	6610	3.16406e-01
Q13233	Q16539	6621	3.16406e-01
Q13233	Q16543	6635	3.16406e-01
Q13233	Q93008	6636	3.16406e-01
Q13233	Q96J02	6637	3.16406e-01
Q96J02	O15105	6637	3.16406e-01
Q96J02	O15350	6638	3.16406e-01
Q96J02	Q13118	6639	3.16406e-01
Q13233	Q9H1R3	6640	3.16406e-01
Q13233	Q9Y230	6641	3.16406e-01
Q13393	P00533	6644	3.16406e-01
P01111	Q13393	6644	3.16406e-01
Q13393	Q03135	6647	3.16406e-01
Q15759	O75582	6648	3.16406e-01
Q15759	P19838	6649	3.16406e-01
Q15759	P30153	6657	3.16406e-01
Q15759	P63151	6660	3.16406e-01
Q15759	P67775	6662	3.16406e-01
Q15759	Q00005	6667	3.16406e-01
Q15759	Q04206	6669	3.16406e-01
Q15759	P10242	6670	3.16406e-01
Q15759	Q13469	6678	3.16406e-01
Q15759	Q8IW41	6680	3.16406e-01
Q15759	P30154	6681	3.16406e-01
Q15759	P62714	6682	3.16406e-01
Q15759	Q66LE6	6683	3.16406e-01
Q15759	Q9Y2T4	6684	3.16406e-01
Q16539	O75582	6685	3.16406e-01
Q16539	P19838	6686	3.16406e-01
Q16539	P27361	6694	3.16406e-01
Q16539	P28482	6709	3.16406e-01
Q16539	P30153	6724	3.16406e-01
Q16539	P30305	6727	3.16406e-01
P18846	P38398	6728	3.16406e-01
Q16539	P18846	6728	3.16406e-01
Q16539	P42574	6729	3.16406e-01
Q16539	P63151	6730	3.16406e-01
Q16539	P67775	6732	3.16406e-01
Q16539	Q00005	6737	3.16406e-01
Q16539	Q04206	6739	3.16406e-01
Q16539	O75030	6740	3.16406e-01
Q16539	Q13469	6748	3.16406e-01
Q16539	Q14790	6750	3.16406e-01
Q16539	P35813	6751	3.16406e-01
Q16539	Q8IW41	6752	3.16406e-01
Q9BPZ7	P15336	6753	3.16406e-01
Q16539	Q9BPZ7	6753	3.16406e-01
Q16539	P30154	6754	3.16406e-01
Q16539	P62714	6755	3.16406e-01
Q16539	Q66LE6	6756	3.16406e-01
Q16539	Q9Y2T4	6757	3.16406e-01
Q16539	Q9Y6Q9	6758	3.16406e-01
Q99759	O43318	6761	3.16406e-01
Q99759	O00141	6762	3.16406e-01
Q99759	O14920	6765	3.16406e-01
Q99759	O15111	6770	3.16406e-01
O43795	P01106	6779	3.16406e-01
Q99759	O43795	6779	3.16406e-01
Q99759	P0CG48	6780	3.16406e-01
Q99759	P04406	6781	3.16406e-01
Q99759	P07900	6782	3.16406e-01
Q99759	P08238	6783	3.16406e-01
Q99759	P11021	6787	3.16406e-01
Q99759	P11142	6789	3.16406e-01
Q99759	P21333	6791	3.16406e-01
Q99759	P27348	6792	3.16406e-01
Q99759	P30153	6794	3.16406e-01
Q99759	P31946	6797	3.16406e-01
Q99759	P34931	6799	3.16406e-01
Q99759	P34932	6800	3.16406e-01
Q99759	P36873	6801	3.16406e-01
Q99759	P38646	6805	3.16406e-01
Q99759	P46734	6806	3.16406e-01
Q99759	P46940	6807	3.16406e-01
Q99759	P52564	6808	3.16406e-01
Q99759	P56192	6809	3.16406e-01
Q99759	P61981	6810	3.16406e-01
Q99759	P62136	6814	3.16406e-01
Q99759	P62258	6818	3.16406e-01
Q99759	P62805	6821	3.16406e-01
Q99759	P62979	6824	3.16406e-01
Q99759	P62987	6826	3.16406e-01
Q99759	P63104	6828	3.16406e-01
Q99759	P78527	6836	3.16406e-01
Q99759	P08670	6837	3.16406e-01
Q99759	Q01082	6839	3.16406e-01
Q99759	P54652	6840	3.16406e-01
P54652	Q01844	6840	3.16406e-01
Q99759	Q04206	6842	3.16406e-01
Q99759	Q04917	6849	3.16406e-01
Q99759	P25963	6850	3.16406e-01
Q13576	P01106	6852	3.16406e-01
Q99759	Q13576	6852	3.16406e-01
Q99759	Q16543	6853	3.16406e-01
Q99759	Q8N163	6854	3.16406e-01
Q99759	Q8TAQ2	6855	3.16406e-01
Q8TAQ2	P01106	6855	3.16406e-01
Q8TAQ2	Q13547	6856	3.16406e-01
Q99759	Q99471	6857	3.16406e-01
Q99471	P01106	6857	3.16406e-01
Q99759	Q99683	6858	3.16406e-01
Q99759	P30154	6859	3.16406e-01
Q99759	Q12959	6860	3.16406e-01
Q12959	Q9GZV5	6860	3.16406e-01
Q99759	Q14160	6861	3.16406e-01
Q14160	Q9GZV5	6861	3.16406e-01
Q99759	Q9H1R3	6862	3.16406e-01
Q9UBK9	P10275	6863	3.16406e-01
Q99759	Q9UBK9	6863	3.16406e-01
Q99759	Q9UNE7	6864	3.16406e-01
Q99759	Q9Y230	6865	3.16406e-01
Q99759	Q9Y265	6868	3.16406e-01
Q99759	Q9Y4K3	6869	3.16406e-01
Q99759	Q9Y6K9	6870	3.16406e-01
P01112	O00329	6872	3.16406e-01
P01112	O00459	6926	3.16406e-01
P01112	O14939	7001	3.16406e-01
P06241	P00519	7211	3.16406e-01
P06241	O60674	7212	3.16406e-01
P06241	P12931	7221	3.16406e-01
P06241	P16333	7225	3.16406e-01
P06241	O43918	7226	3.16406e-01
P06241	P21333	7230	3.16406e-01
P06241	P27986	7231	3.16406e-01
P06241	P28340	7235	3.16406e-01
P06241	P29353	7236	3.16406e-01
P06241	P30260	7237	3.16406e-01
P06241	O15360	7238	3.16406e-01
P06241	P40189	7241	3.16406e-01
P06241	P40763	7242	3.16406e-01
P06241	P42336	7252	3.16406e-01
P51587	P04637	7253	3.16406e-01
P06241	P51587	7253	3.16406e-01
P51587	P38398	7254	3.16406e-01
P06241	P61978	7255	3.16406e-01
P06241	P62993	7256	3.16406e-01
P06241	P56945	7257	3.16406e-01
P98161	P35222	7261	3.16406e-01
P06241	P98161	7261	3.16406e-01
P06241	Q03135	7262	3.16406e-01
P06241	Q05655	7263	3.16406e-01
P06241	Q13177	7264	3.16406e-01
P06241	Q16620	7265	3.16406e-01
P06241	P16471	7266	3.16406e-01
P06241	Q07666	7267	3.16406e-01
P25445	Q9UER7	7268	3.16406e-01
P06241	P25445	7268	3.16406e-01
P01112	P10398	7269	3.16406e-01
P11233	P62714	7394	3.16406e-01
P15498	P00519	7523	3.16406e-01
P01112	P15498	7523	3.16406e-01
P15498	P00533	7531	3.16406e-01
P15498	P16333	7534	3.16406e-01
P15498	P22681	7538	3.16406e-01
P15498	P27986	7540	3.16406e-01
P15498	P28482	7544	3.16406e-01
P15498	P40189	7559	3.16406e-01
P15498	P46108	7560	3.16406e-01
P15498	P60763	7562	3.16406e-01
P15498	P61978	7563	3.16406e-01
P15498	P62993	7564	3.16406e-01
P15498	P16471	7565	3.16406e-01
P15498	Q07666	7569	3.16406e-01
P01112	P19174	7570	3.16406e-01
P01112	P42338	7959	3.16406e-01
P42684	P00533	8011	3.16406e-01
P01112	P42684	8011	3.16406e-01
P42684	P04626	8014	3.16406e-01
P42684	P06241	8016	3.16406e-01
P42684	P12931	8019	3.16406e-01
P42684	P16333	8023	3.16406e-01
P42684	P21860	8027	3.16406e-01
P42684	P27986	8029	3.16406e-01
P42684	P62993	8033	3.16406e-01
P42684	Q15303	8037	3.16406e-01
P45983	P10415	8039	3.16406e-01
P45983	P19838	8040	3.16406e-01
P45983	P40763	8048	3.16406e-01
P42771	P04637	8058	3.16406e-01
P45983	P42771	8058	3.16406e-01
P45983	P46108	8059	3.16406e-01
P45983	Q04206	8061	3.16406e-01
P45983	Q14653	8068	3.16406e-01
Q14653	Q09472	8068	3.16406e-01
P10276	Q15788	8069	3.16406e-01
P45983	P10276	8069	3.16406e-01
Q14653	Q92793	8070	3.16406e-01
P45983	Q8N726	8071	3.16406e-01
Q8N726	P04637	8071	3.16406e-01
P45983	Q96J02	8072	3.16406e-01
P45983	Q9BPZ7	8075	3.16406e-01
P45983	Q9NZC7	8076	3.16406e-01
P01112	P48736	8078	3.16406e-01
P55196	P11274	8163	3.16406e-01
P55196	P12931	8164	3.16406e-01
P55196	P31946	8168	3.16406e-01
P55196	P26232	8169	3.16406e-01
P55196	P35221	8171	3.16406e-01
P55196	P61981	8172	3.16406e-01
P55196	P63104	8176	3.16406e-01
P55196	P60709	8177	3.16406e-01
P55196	P62834	8178	3.16406e-01
P62834	Q13547	8178	3.16406e-01
P55196	Q9UI47	8186	3.16406e-01
P01112	Q02750	8187	3.16406e-01
Q13009	P13569	8311	3.16406e-01
P01112	Q13009	8311	3.16406e-01
Q13009	P60763	8314	3.16406e-01
Q13009	P61981	8315	3.16406e-01
Q13009	Q16620	8319	3.16406e-01
Q13009	Q8TEW0	8320	3.16406e-01
P01112	Q13393	8481	3.16406e-01
Q13671	P00519	8485	3.16406e-01
P01112	Q13671	8485	3.16406e-01
Q13671	P04626	8493	3.16406e-01
Q13671	P21860	8495	3.16406e-01
Q13671	P31946	8497	3.16406e-01
Q13671	P63104	8499	3.16406e-01
Q15811	P22681	8544	3.16406e-01
P01112	Q15811	8544	3.16406e-01
O75940	Q01844	8545	3.16406e-01
Q15811	O75940	8545	3.16406e-01
Q13043	O43524	8623	3.16406e-01
Q8WWW0	Q13043	8623	3.16406e-01
P01112	Q8WWW0	8623	3.16406e-01
Q8WWW0	P62834	8624	3.16406e-01
P61224	Q9HAU4	8625	3.16406e-01
Q8WWW0	P61224	8625	3.16406e-01
Q13043	P98177	8626	3.16406e-01
Q13043	Q12778	8627	3.16406e-01
Q8WWW0	Q9NS23	8628	3.16406e-01
Q00987	O15350	8740	3.16406e-01
Q9NS23	Q00987	8740	3.16406e-01
Q00987	P04637	8741	3.16406e-01
Q00987	P06400	8742	3.16406e-01
Q00987	P10275	8743	3.16406e-01
Q00987	P29590	8744	3.16406e-01
Q00987	Q09472	8745	3.16406e-01
Q00987	Q13547	8746	3.16406e-01
Q00987	Q9UER7	8747	3.16406e-01
Q9NS23	Q13043	8748	3.16406e-01
P01116	O00329	8751	3.16406e-01
P01116	O00459	8805	3.16406e-01
P01116	O14939	8880	3.16406e-01
P01116	P10398	9090	3.16406e-01
P01116	P19174	9343	3.16406e-01
P01116	P42338	9732	3.16406e-01
P01116	P48736	9784	3.16406e-01
P01116	Q02750	9869	3.16406e-01
